image,damage_id,damage_type,damage_name_ko,pixel_nodes_json,world_center_x_m,world_center_y_m,world_center_z_m,length_px,length_m,width_px,width_m,area_m2,source_image_path,tile_original_paths_json,tile_overlay_paths_json
DJI_20250702150745_0300_V.JPG,D000057,DLM,박리,"[[2539.5,858.0],[2539.0,857.5],[2538.0,857.5],[2537.0,857.5],[2536.0,857.5],[2535.5,857.0],[2535.0,856.5],[2534.0,856.5],[2533.5,856.0],[2533.0,855.5],[2532.0,855.5],[2531.0,855.5],[2530.5,855.0],[2530.0,854.5],[2529.0,854.5],[2528.5,854.0],[2528.0,853.5],[2527.0,853.5],[2526.0,853.5],[2525.5,853.0],[2525.0,852.5],[2524.0,852.5],[2523.0,852.5],[2522.0,852.5],[2521.5,852.0],[2521.0,851.5],[2520.0,851.5],[2519.0,851.5],[2518.5,851.0],[2518.0,850.5],[2517.0,850.5],[2516.0,850.5],[2515.5,850.0],[2515.0,849.5],[2514.0,849.5],[2513.5,849.0],[2513.0,848.5],[2512.0,848.5],[2511.5,848.0],[2511.0,847.5],[2510.5,847.0],[2510.0,846.5],[2509.5,846.0],[2509.5,845.0],[2509.5,844.0],[2509.0,843.5]]",243090.37012863,431105.07544708,78.13854647,,,,,0.1204869582,원본사진/DJI_20250702150745_0300_V.JPG,"[""512원본타일/DJI_20250702150745_0300_V__x02048_y00512.png""]","[""512라벨오버레이/DJI_20250702150745_0300_V__x02048_y00512.png""]"
DJI_20250702150745_0300_V.JPG,D000058,DLM,박리,"[[1825.0,837.5],[1824.5,838.0],[1824.0,838.5],[1823.5,839.0],[1823.5,840.0],[1823.0,840.5],[1822.5,841.0],[1822.0,841.5],[1821.5,842.0],[1821.0,842.5],[1820.5,843.0],[1820.0,843.5],[1819.5,844.0],[1819.0,844.5],[1818.5,845.0],[1818.0,845.5],[1817.5,846.0],[1817.5,847.0],[1817.0,847.5],[1816.5,848.0],[1816.0,848.5],[1815.5,849.0],[1815.0,849.5],[1814.5,850.0],[1814.0,850.5],[1813.5,851.0],[1813.5,852.0],[1813.0,852.5],[1812.5,853.0],[1812.5,854.0],[1812.0,854.5],[1811.5,855.0],[1811.5,856.0],[1811.5,857.0],[1811.5,858.0],[1811.0,858.5],[1810.5,859.0],[1810.5,860.0],[1810.5,861.0],[1810.5,862.0],[1811.0,862.5],[1811.5,863.0],[1811.5,864.0],[1812.0,864.5],[1812.5,865.0],[1813.0,865.5],[1813.5,866.0],[1814.0,866.5],[1814.5,867.0],[1815.0,867.5],[1816.0,867.5],[1816.5,868.0],[1817.0,868.5],[1817.5,869.0],[1818.0,869.5],[1818.5,870.0],[1819.0,870.5],[1819.5,871.0],[1820.0,871.5],[1821.0,871.5],[1821.5,872.0],[1821.0,872.5],[1820.5,873.0],[1820.0,873.5],[1819.5,874.0],[1819.0,874.5],[1818.0,874.5],[1817.0,874.5],[1816.0,874.5],[1815.0,874.5],[1814.5,875.0],[1814.0,875.5],[1813.0,875.5],[1812.0,875.5],[1811.0,875.5],[1810.0,875.5],[1809.0,875.5],[1808.0,875.5],[1807.0,875.5],[1806.0,875.5],[1805.5,876.0],[1805.0,876.5],[1804.0,876.5],[1803.0,876.5],[1802.0,876.5],[1801.0,876.5],[1800.0,876.5],[1799.0,876.5],[1798.0,876.5],[1797.0,876.5],[1796.0,876.5],[1795.5,877.0],[1795.0,877.5],[1794.0,877.5],[1793.0,877.5],[1792.0,877.5],[1791.0,877.5],[1790.0,877.5],[1789.0,877.5],[1788.0,877.5],[1787.5,878.0],[1787.0,878.5],[1786.0,878.5],[1785.0,878.5],[1784.0,878.5],[1783.0,878.5],[1782.0,878.5],[1781.0,878.5],[1780.0,878.5],[1779.5,879.0]]",243088.51295471,431109.57224274,77.8199234,,,,,0.0987851815,원본사진/DJI_20250702150745_0300_V.JPG,"[""512원본타일/DJI_20250702150745_0300_V__x01536_y00512.png""]","[""512라벨오버레이/DJI_20250702150745_0300_V__x01536_y00512.png""]"
DJI_20250702150745_0300_V.JPG,D000059,DLM,박리,"[[1263.0,1354.5],[1262.5,1355.0],[1262.5,1356.0],[1262.5,1357.0],[1262.5,1358.0],[1262.0,1358.5],[1261.5,1359.0],[1261.5,1360.0],[1261.0,1360.5],[1260.5,1361.0],[1260.0,1361.5],[1259.5,1362.0],[1259.0,1362.5],[1258.5,1363.0],[1258.0,1363.5],[1257.5,1364.0],[1257.0,1364.5],[1256.0,1364.5],[1255.0,1364.5],[1254.0,1364.5],[1253.0,1364.5],[1252.0,1364.5],[1251.0,1364.5],[1250.5,1364.0],[1250.0,1363.5],[1249.0,1363.5],[1248.0,1363.5],[1247.0,1363.5],[1246.0,1363.5],[1245.5,1363.0],[1245.0,1362.5],[1244.0,1362.5],[1243.0,1362.5],[1242.0,1362.5],[1241.0,1362.5],[1240.5,1362.0],[1240.0,1361.5],[1239.0,1361.5],[1238.0,1361.5],[1237.0,1361.5],[1236.0,1361.5],[1235.0,1361.5],[1234.0,1361.5],[1233.0,1361.5],[1232.5,1362.0],[1232.0,1362.5],[1231.0,1362.5],[1230.5,1362.0],[1230.0,1361.5],[1229.0,1361.5],[1228.0,1361.5],[1227.0,1361.5],[1226.0,1361.5],[1225.0,1361.5],[1224.0,1361.5],[1223.0,1361.5],[1222.5,1361.0],[1222.0,1360.5],[1221.0,1360.5],[1220.0,1360.5],[1219.0,1360.5],[1218.0,1360.5],[1217.0,1360.5],[1216.0,1360.5],[1215.0,1360.5],[1214.0,1360.5],[1213.0,1360.5],[1212.5,1360.0],[1212.0,1359.5],[1211.0,1359.5],[1210.0,1359.5],[1209.0,1359.5],[1208.0,1359.5],[1207.0,1359.5],[1206.0,1359.5],[1205.0,1359.5],[1204.0,1359.5],[1203.0,1359.5],[1202.0,1359.5],[1201.0,1359.5],[1200.0,1359.5],[1199.0,1359.5],[1198.5,1359.0],[1198.0,1358.5],[1197.0,1358.5],[1196.0,1358.5],[1195.0,1358.5],[1194.0,1358.5],[1193.0,1358.5],[1192.0,1358.5],[1191.0,1358.5],[1190.0,1358.5],[1189.5,1358.0],[1189.0,1357.5],[1188.0,1357.5],[1187.0,1357.5],[1186.0,1357.5],[1185.0,1357.5],[1184.5,1358.0],[1184.0,1358.5],[1183.0,1358.5],[1182.0,1358.5],[1181.0,1358.5],[1180.0,1358.5],[1179.0,1358.5],[1178.0,1358.5],[1177.0,1358.5],[1176.0,1358.5],[1175.0,1358.5],[1174.0,1358.5],[1173.0,1358.5],[1172.0,1358.5],[1171.0,1358.5],[1170.0,1358.5],[1169.0,1358.5],[1168.0,1358.5],[1167.0,1358.5],[1166.0,1358.5],[1165.0,1358.5],[1164.0,1358.5],[1163.0,1358.5],[1162.0,1358.5],[1161.0,1358.5],[1160.0,1358.5],[1159.0,1358.5],[1158.0,1358.5],[1157.0,1358.5],[1156.0,1358.5],[1155.0,1358.5],[1154.5,1359.0],[1154.0,1359.5],[1153.0,1359.5],[1152.0,1359.5],[1151.0,1359.5],[1150.5,1360.0],[1150.0,1360.5],[1149.0,1360.5],[1148.0,1360.5],[1147.5,1361.0],[1147.0,1361.5],[1146.0,1361.5],[1145.5,1362.0],[1145.0,1362.5],[1144.0,1362.5],[1143.5,1363.0],[1143.0,1363.5],[1142.0,1363.5],[1141.5,1364.0],[1141.0,1364.5],[1140.0,1364.5],[1139.5,1365.0],[1139.0,1365.5],[1138.5,1366.0],[1138.0,1366.5],[1137.0,1366.5],[1136.5,1367.0],[1136.0,1367.5],[1135.5,1368.0],[1135.0,1368.5],[1134.5,1369.0],[1134.0,1369.5],[1133.5,1370.0],[1133.0,1370.5],[1132.5,1371.0],[1132.0,1371.5],[1131.0,1371.5],[1130.5,1372.0],[1130.0,1372.5],[1129.0,1372.5],[1128.5,1373.0],[1128.0,1373.5],[1127.5,1374.0],[1127.0,1374.5],[1126.5,1375.0],[1126.0,1375.5],[1125.5,1376.0],[1125.0,1376.5],[1124.5,1377.0],[1124.0,1377.5],[1123.0,1377.5],[1122.5,1378.0],[1122.0,1378.5],[1121.5,1379.0],[1121.0,1379.5],[1120.5,1380.0],[1120.0,1380.5],[1119.5,1381.0],[1119.0,1381.5],[1118.5,1382.0],[1118.0,1382.5],[1117.5,1383.0],[1117.0,1383.5],[1116.5,1384.0],[1116.5,1385.0],[1116.0,1385.5],[1115.5,1386.0],[1115.5,1387.0],[1115.0,1387.5],[1114.5,1388.0],[1114.0,1388.5],[1113.5,1389.0],[1113.0,1389.5],[1112.5,1390.0],[1112.0,1390.5],[1111.5,1391.0],[1111.0,1391.5],[1110.0,1391.5],[1109.5,1392.0]]",243082.77544594,431110.03907776,73.65804076,,,,,0.2052668756,원본사진/DJI_20250702150745_0300_V.JPG,"[""512원본타일/DJI_20250702150745_0300_V__x01024_y01024.png""]","[""512라벨오버레이/DJI_20250702150745_0300_V__x01024_y01024.png""]"
DJI_20250702150745_0300_V.JPG,D000062,DLM,박리,"[[4588.0,1608.5],[4587.5,1609.0],[4587.0,1609.5],[4586.5,1610.0],[4586.5,1611.0],[4586.0,1611.5],[4585.5,1612.0],[4585.5,1613.0],[4585.0,1613.5],[4584.5,1614.0],[4584.0,1614.5],[4583.5,1615.0],[4583.5,1616.0],[4583.0,1616.5],[4582.5,1617.0],[4582.5,1618.0],[4582.0,1618.5],[4581.5,1619.0],[4581.0,1619.5],[4580.5,1620.0],[4580.5,1621.0],[4580.0,1621.5],[4579.5,1622.0],[4579.5,1623.0],[4579.0,1623.5],[4578.5,1624.0],[4578.0,1624.5],[4577.5,1625.0],[4577.0,1625.5],[4576.5,1626.0],[4576.5,1627.0],[4576.0,1627.5],[4575.5,1628.0],[4575.5,1629.0],[4575.0,1629.5],[4574.5,1630.0],[4574.0,1630.5],[4573.5,1631.0],[4573.5,1632.0],[4573.0,1632.5],[4572.5,1633.0],[4572.5,1634.0],[4572.5,1635.0],[4572.5,1636.0],[4572.0,1636.5],[4571.5,1637.0],[4571.0,1637.5],[4570.5,1638.0],[4570.5,1639.0],[4570.0,1639.5],[4569.5,1640.0],[4569.0,1640.5],[4568.5,1641.0],[4568.0,1641.5],[4567.5,1642.0],[4567.0,1642.5],[4566.5,1643.0],[4566.0,1643.5],[4565.5,1644.0],[4565.0,1644.5],[4564.5,1645.0],[4564.0,1645.5],[4563.5,1646.0],[4563.0,1646.5],[4562.0,1646.5],[4561.5,1647.0],[4561.5,1648.0],[4561.0,1648.5],[4560.5,1649.0],[4560.5,1650.0],[4560.0,1650.5],[4559.5,1651.0],[4559.5,1652.0],[4559.0,1652.5],[4558.5,1653.0],[4558.5,1654.0],[4558.0,1654.5],[4557.5,1655.0],[4557.0,1655.5],[4556.5,1656.0]]",243077.90610886,431095.16587067,71.4553585,,,,,0.027321647,원본사진/DJI_20250702150745_0300_V.JPG,"[""512원본타일/DJI_20250702150745_0300_V__x04096_y01536.png""]","[""512라벨오버레이/DJI_20250702150745_0300_V__x04096_y01536.png""]"
DJI_20250702150745_0300_V.JPG,D000063,DLM,박리,"[[2356.5,1921.0],[2356.0,1920.5],[2355.0,1920.5],[2353.5,1920.0],[2353.0,1919.5],[2351.0,1919.5],[2350.5,1919.0],[2350.0,1918.5],[2349.0,1917.5],[2348.5,1917.0],[2347.5,1916.0],[2347.0,1915.5],[2345.5,1915.0],[2345.0,1914.5],[2344.0,1914.5],[2343.0,1913.5],[2342.5,1913.0],[2341.5,1912.0],[2341.0,1911.5],[2340.0,1911.5],[2339.0,1910.5],[2338.0,1910.5],[2336.5,1910.0],[2336.0,1909.5],[2334.0,1909.5],[2333.0,1909.5],[2332.0,1909.5],[2330.0,1909.5],[2329.5,1909.0],[2328.0,1908.5],[2327.0,1908.5],[2325.0,1908.5],[2324.0,1908.5],[2323.0,1908.5],[2321.0,1908.5],[2320.0,1908.5],[2318.0,1908.5],[2317.0,1908.5],[2316.0,1908.5],[2314.0,1908.5],[2313.0,1908.5],[2311.0,1908.5],[2310.0,1908.5],[2308.0,1908.5],[2307.0,1908.5],[2306.0,1908.5],[2304.0,1908.5],[2303.0,1908.5],[2301.0,1908.5],[2300.0,1908.5],[2299.5,1908.0],[2298.0,1907.5],[2297.0,1907.5],[2296.0,1908.5],[2295.0,1908.5],[2293.0,1908.5],[2292.0,1908.5],[2291.5,1908.0],[2290.0,1907.5],[2289.0,1907.5],[2288.0,1906.5],[2287.0,1906.5],[2286.0,1905.5],[2285.5,1905.0],[2285.0,1904.5],[2284.0,1903.5],[2283.0,1903.5],[2281.0,1903.5],[2280.0,1903.5],[2279.5,1903.0],[2278.0,1902.5],[2277.0,1902.5],[2275.0,1902.5],[2274.0,1902.5],[2272.0,1902.5],[2271.0,1902.5],[2270.0,1902.5],[2268.0,1902.5],[2267.0,1902.5],[2265.0,1902.5],[2264.0,1902.5],[2263.5,1903.0],[2262.0,1903.5],[2261.5,1904.0],[2260.0,1904.5],[2259.5,1905.0],[2258.5,1906.0],[2258.0,1906.5],[2257.0,1906.5],[2256.0,1907.5],[2255.0,1907.5],[2253.5,1908.0],[2253.0,1908.5],[2251.5,1909.0],[2251.0,1909.5],[2250.5,1910.0],[2249.5,1911.0],[2249.0,1911.5],[2248.0,1912.5],[2247.0,1912.5],[2246.0,1912.5],[2245.0,1911.5],[2244.0,1911.5],[2242.0,1911.5],[2241.5,1911.0],[2240.0,1910.5],[2239.5,1910.0],[2239.0,1909.5],[2238.0,1908.5],[2237.0,1908.5],[2235.0,1908.5],[2234.0,1908.5],[2233.0,1908.5],[2231.0,1908.5],[2230.5,1908.0],[2229.5,1907.0],[2229.0,1906.5],[2228.0,1905.5],[2227.5,1905.0],[2227.0,1904.5],[2225.0,1904.5],[2224.0,1904.5],[2223.0,1903.5],[2222.0,1903.5],[2221.0,1902.5],[2220.0,1902.5],[2219.0,1902.5],[2217.0,1902.5],[2216.0,1902.5],[2214.5,1902.0],[2214.0,1901.5],[2213.0,1901.5],[2211.0,1901.5],[2210.5,1902.0],[2209.0,1902.5],[2208.0,1902.5],[2206.0,1902.5],[2205.0,1902.5],[2204.0,1902.5],[2202.0,1902.5],[2201.0,1902.5],[2199.0,1902.5],[2198.0,1902.5],[2196.0,1902.5],[2195.0,1902.5],[2194.0,1902.5],[2192.0,1902.5],[2191.0,1902.5],[2189.0,1902.5],[2188.0,1902.5],[2187.0,1902.5],[2185.0,1902.5],[2184.0,1902.5],[2182.0,1902.5],[2181.0,1902.5],[2179.0,1902.5],[2178.0,1902.5],[2177.5,1902.0],[2176.0,1901.5],[2175.0,1901.5],[2173.0,1901.5],[2172.0,1901.5],[2171.0,1901.5],[2169.0,1901.5],[2168.0,1901.5],[2166.0,1901.5],[2165.0,1901.5],[2163.0,1901.5],[2162.0,1901.5],[2161.0,1901.5],[2159.0,1901.5],[2158.0,1901.5],[2156.0,1901.5],[2155.0,1901.5],[2153.0,1901.5],[2152.5,1902.0],[2152.0,1902.5],[2150.0,1902.5],[2149.0,1902.5],[2147.5,1903.0],[2147.0,1903.5],[2146.0,1903.5],[2144.0,1903.5],[2143.0,1903.5],[2141.0,1903.5],[2140.0,1903.5],[2138.0,1903.5],[2137.0,1903.5],[2136.0,1903.5],[2134.0,1903.5],[2133.0,1903.5],[2131.0,1903.5],[2130.5,1903.0],[2130.0,1902.5],[2128.0,1902.5],[2127.0,1902.5],[2125.0,1902.5],[2124.0,1902.5],[2122.0,1902.5],[2121.0,1902.5],[2120.0,1902.5],[2118.5,1902.0],[2118.0,1901.5],[2116.0,1901.5],[2115.0,1901.5],[2113.0,1901.5],[2112.0,1901.5],[2111.0,1901.5],[2109.0,1901.5],[2108.0,1901.5],[2107.0,1900.5],[2106.0,1900.5],[2105.0,1900.5],[2103.0,1900.5],[2102.5,1900.0],[2101.0,1899.5],[2100.5,1899.0],[2099.0,1898.5],[2098.0,1898.5],[2097.0,1898.5],[2095.0,1898.5],[2094.0,1898.5],[2092.0,1898.5],[2091.0,1898.5],[2090.0,1898.5],[2088.0,1898.5],[2087.0,1898.5],[2086.0,1899.5],[2085.0,1899.5],[2083.0,1899.5],[2082.0,1899.5],[2081.0,1899.5],[2079.0,1899.5],[2078.0,1899.5],[2076.0,1899.5],[2075.0,1899.5],[2073.0,1899.5],[2072.0,1899.5],[2071.0,1899.5],[2069.0,1899.5],[2068.0,1899.5],[2066.5,1900.0],[2066.0,1900.5],[2065.0,1900.5],[2063.0,1900.5],[2062.0,1900.5],[2060.0,1900.5],[2059.0,1900.5],[2057.0,1900.5],[2056.0,1900.5],[2055.0,1900.5],[2053.5,1900.0],[2053.0,1899.5],[2051.0,1899.5],[2050.0,1899.5],[2048.0,1899.5]]",243084.34282112,431104.58321381,70.95373774,,,,,0.8036724738,원본사진/DJI_20250702150745_0300_V.JPG,"[""512원본타일/DJI_20250702150745_0300_V__x02048_y01536.png""]","[""512라벨오버레이/DJI_20250702150745_0300_V__x02048_y01536.png""]"
DJI_20250702151015_0500_V.JPG,D000118,DLM,박리,"[[2287.5,163.0],[2287.0,162.5],[2286.0,161.5],[2284.5,161.0],[2284.0,160.5],[2283.0,159.5],[2282.5,158.0],[2281.5,157.0],[2281.0,156.5],[2280.0,155.5],[2278.5,155.0],[2278.0,154.5],[2276.5,154.0],[2275.0,153.5],[2273.0,153.5],[2272.0,153.5],[2271.0,152.5],[2269.0,152.5],[2268.0,152.5],[2266.0,152.5],[2264.0,152.5],[2262.0,152.5],[2261.0,152.5],[2259.5,152.0],[2258.5,152.0],[2258.0,152.5],[2256.0,152.5],[2255.0,151.5],[2253.0,151.5],[2252.0,151.5],[2250.0,151.5],[2248.0,151.5],[2247.0,151.5],[2245.0,151.5],[2243.0,151.5],[2242.0,150.5],[2241.0,150.5],[2240.0,149.5],[2238.0,149.5],[2237.5,149.0],[2236.0,148.5],[2235.0,147.5],[2233.5,147.0],[2233.0,146.5],[2231.5,146.0],[2230.0,145.5],[2229.0,144.5],[2228.0,144.5],[2227.0,143.5],[2225.5,143.0],[2225.0,142.5],[2223.5,142.0],[2222.0,141.5],[2220.5,141.0],[2220.0,140.5],[2218.0,140.5],[2216.0,140.5],[2215.0,140.5],[2213.0,140.5],[2211.0,140.5],[2209.0,140.5],[2208.0,140.5],[2206.0,140.5],[2205.0,141.5],[2204.0,141.5],[2202.0,141.5],[2201.0,142.5],[2199.0,142.5],[2198.5,143.0],[2197.5,144.0],[2197.0,145.5],[2196.5,146.0],[2196.5,148.0],[2196.5,150.0],[2195.5,151.0],[2195.5,152.0],[2194.5,153.0],[2194.0,154.5],[2193.5,155.0],[2192.5,156.0],[2191.0,156.5],[2190.0,157.5],[2189.0,157.5],[2187.0,157.5],[2185.0,157.5],[2183.0,157.5],[2182.0,157.5],[2181.0,156.5],[2179.0,156.5],[2178.0,156.5],[2176.0,156.5],[2174.5,156.0],[2173.0,155.5],[2172.5,155.0],[2171.5,154.0],[2170.5,153.0],[2170.0,152.5],[2169.0,151.5],[2168.0,150.5],[2167.0,149.5],[2166.5,149.0],[2165.5,148.0],[2164.5,147.0],[2164.0,146.5],[2163.0,145.5],[2162.0,144.5],[2161.0,143.5],[2160.5,143.0],[2159.5,142.0],[2159.0,140.5],[2158.5,140.0],[2157.5,139.0],[2156.5,138.0],[2155.5,137.0],[2155.5,136.0],[2154.5,135.0],[2153.5,134.0],[2153.0,133.5],[2152.0,132.5],[2151.5,131.0],[2150.5,130.0],[2150.0,129.5],[2149.5,128.0],[2148.5,127.0],[2148.5,126.0],[2148.0,124.5],[2147.5,123.0],[2147.5,121.0],[2147.5,120.0],[2147.5,118.0],[2147.0,116.5],[2146.5,115.0],[2146.5,114.0],[2146.5,112.0],[2146.5,110.0],[2146.5,109.0],[2146.5,107.0],[2146.5,105.0],[2146.5,103.0],[2146.5,102.0],[2146.5,100.0],[2146.5,98.0],[2146.0,97.5],[2145.5,96.0],[2145.5,94.0],[2144.5,93.0],[2144.5,92.0],[2144.5,90.0],[2143.5,89.0],[2143.5,88.0],[2143.0,86.5],[2142.5,85.0],[2142.0,83.5],[2141.5,83.0],[2140.5,82.0],[2139.5,81.0],[2139.0,80.5],[2138.0,79.5],[2136.5,79.0],[2135.0,78.5],[2134.5,78.0],[2133.0,77.5],[2131.0,77.5],[2130.0,77.5],[2128.5,77.0],[2127.5,77.0],[2126.0,77.5],[2125.5,78.0],[2125.0,79.5],[2124.0,80.5],[2123.5,82.0],[2123.0,82.5],[2122.5,84.0],[2122.5,86.0],[2122.0,86.5],[2121.0,87.5],[2120.0,88.5],[2118.5,88.0],[2118.0,87.5],[2116.5,88.0],[2115.0,88.5],[2114.5,89.0],[2113.0,89.5],[2112.0,90.5],[2110.0,90.5],[2109.0,90.5],[2108.0,91.5],[2106.0,91.5],[2105.5,91.0],[2104.0,90.5],[2103.0,89.5],[2102.0,88.5],[2101.5,88.0],[2100.5,87.0],[2099.5,86.0],[2099.0,85.5],[2097.0,85.5],[2095.0,85.5],[2094.0,84.5],[2093.0,84.5],[2091.0,84.5],[2090.0,83.5],[2089.5,83.0],[2089.5,81.0],[2088.5,80.0],[2087.5,79.0],[2087.5,78.0],[2086.5,77.0],[2085.5,76.0],[2085.0,75.5],[2084.0,74.5],[2082.0,74.5],[2081.0,73.5],[2080.0,73.5],[2079.0,72.5],[2077.0,72.5],[2075.0,72.5],[2074.0,72.5],[2072.5,72.0],[2071.0,71.5],[2070.5,71.0],[2069.5,70.0],[2069.5,68.0],[2068.5,67.0],[2068.5,66.0],[2067.5,65.0],[2066.5,64.0],[2066.5,63.0],[2066.5,61.0],[2066.5,59.0],[2065.5,58.0],[2065.5,57.0],[2065.5,55.0],[2065.5,53.0],[2065.5,52.0],[2065.5,50.0],[2066.5,49.0],[2066.5,47.0],[2066.5,46.0],[2066.5,44.0],[2066.5,42.0],[2066.5,41.0],[2066.5,39.0],[2066.5,37.0],[2066.5,35.0],[2066.0,34.5],[2065.5,33.0],[2065.0,31.5],[2064.5,31.0],[2064.0,29.5],[2063.5,28.0],[2062.5,27.0],[2062.5,26.0],[2062.5,24.0],[2062.5,22.0],[2062.0,20.5]]",243076.35088158,431124.8251915,69.26249695,,,,,0.4751632611,원본사진/DJI_20250702151015_0500_V.JPG,"[""512원본타일/DJI_20250702151015_0500_V__x02048_y00000.png""]","[""512라벨오버레이/DJI_20250702151015_0500_V__x02048_y00000.png""]"
DJI_20250702151015_0500_V.JPG,D000120,DLM,박리,"[[576.0,258.5],[575.5,259.0],[575.5,260.0],[575.0,260.5],[574.5,261.0],[574.5,262.0],[574.5,263.0],[574.5,264.0],[574.0,264.5],[573.5,265.0],[573.5,266.0],[573.5,267.0],[573.5,268.0],[573.0,268.5],[572.5,269.0],[572.5,270.0],[572.5,271.0],[572.0,271.5],[571.5,272.0],[571.5,273.0],[571.0,273.5],[570.5,274.0],[570.5,275.0],[570.5,276.0],[570.0,276.5],[569.5,277.0],[569.5,278.0],[569.5,279.0],[569.0,279.5],[568.5,280.0],[568.5,281.0],[568.5,282.0],[568.0,282.5],[567.5,283.0],[567.5,284.0],[567.5,285.0],[567.5,286.0],[567.0,286.5],[566.5,287.0],[566.5,288.0],[566.5,289.0],[566.5,290.0],[566.5,291.0],[566.5,292.0],[566.5,293.0],[566.5,294.0],[566.5,295.0],[566.5,296.0],[566.5,297.0],[566.5,298.0],[566.5,299.0],[566.5,300.0],[566.5,301.0],[566.5,302.0],[566.5,303.0],[566.5,304.0],[566.5,305.0],[566.0,305.5],[565.5,306.0],[565.5,307.0],[565.5,308.0],[565.0,308.5],[564.5,309.0],[564.5,310.0],[564.0,310.5],[563.5,311.0],[563.5,312.0],[563.0,312.5],[562.5,313.0],[562.5,314.0],[562.5,315.0],[562.0,315.5],[561.5,316.0],[561.5,317.0],[561.0,317.5],[560.5,318.0],[560.5,319.0],[560.5,320.0],[560.5,321.0],[560.5,322.0],[560.0,322.5],[559.5,323.0],[559.5,324.0],[559.5,325.0],[559.5,326.0],[559.5,327.0],[559.5,328.0],[559.0,328.5],[558.5,329.0],[558.5,330.0],[558.5,331.0],[558.5,332.0],[558.5,333.0],[558.5,334.0],[558.5,335.0],[558.0,335.5],[557.5,336.0],[557.5,337.0],[557.5,338.0],[557.5,339.0],[557.5,340.0],[557.5,341.0],[557.5,342.0],[557.5,343.0],[557.5,344.0],[558.0,344.5],[558.5,345.0],[558.5,346.0],[558.5,347.0],[558.5,348.0],[558.5,349.0],[558.5,350.0],[558.5,351.0],[558.5,352.0],[558.5,353.0],[558.5,354.0],[558.5,355.0],[558.5,356.0],[558.0,356.5],[557.5,357.0],[557.5,358.0],[557.5,359.0],[557.5,360.0],[557.5,361.0],[557.0,361.5],[556.5,362.0],[556.5,363.0],[556.0,363.5],[555.5,364.0],[555.5,365.0],[555.5,366.0],[555.0,366.5],[554.5,367.0],[554.5,368.0],[554.0,368.5],[553.5,369.0],[553.5,370.0],[553.5,371.0],[553.0,371.5],[552.5,372.0],[552.5,373.0],[552.0,373.5],[551.5,374.0],[551.5,375.0],[551.0,375.5],[550.5,376.0],[550.5,377.0],[550.0,377.5],[549.5,378.0],[549.0,378.5],[548.5,379.0],[548.5,380.0],[548.0,380.5],[547.5,381.0],[547.5,382.0],[547.0,382.5],[546.5,383.0],[546.5,384.0],[546.0,384.5],[545.5,385.0],[545.0,385.5],[544.5,386.0],[544.0,386.5],[543.5,387.0],[543.5,388.0],[543.0,388.5],[542.5,389.0],[542.0,389.5],[541.5,390.0],[541.0,390.5],[540.0,390.5],[539.0,390.5],[538.5,391.0],[538.0,391.5],[537.0,391.5],[536.5,392.0],[536.0,392.5],[535.5,393.0],[535.0,393.5],[534.0,393.5],[533.0,393.5],[532.5,394.0],[532.0,394.5],[531.0,394.5],[530.0,394.5],[529.0,394.5],[528.5,395.0]]",243073.23285294,431131.82811737,68.31014156,,,,,0.1436216766,원본사진/DJI_20250702151015_0500_V.JPG,"[""512원본타일/DJI_20250702151015_0500_V__x00512_y00000.png""]","[""512라벨오버레이/DJI_20250702151015_0500_V__x00512_y00000.png""]"
DJI_20250702151015_0500_V.JPG,D000121,DLM,박리,"[[1275.0,2553.5],[1275.5,2553.0],[1275.5,2552.0],[1275.5,2551.0],[1276.0,2550.5],[1276.5,2550.0],[1276.5,2549.0],[1277.0,2548.5],[1277.5,2548.0],[1277.5,2547.0],[1278.0,2546.5],[1278.5,2546.0],[1279.0,2545.5],[1279.5,2545.0],[1280.0,2544.5],[1280.5,2544.0],[1280.5,2543.0],[1281.0,2542.5],[1281.5,2542.0],[1281.5,2541.0],[1282.0,2540.5],[1282.5,2540.0],[1282.5,2539.0],[1282.5,2538.0],[1282.5,2537.0],[1282.5,2536.0],[1282.5,2535.0],[1282.5,2534.0],[1282.5,2533.0],[1282.5,2532.0],[1282.5,2531.0],[1282.5,2530.0],[1282.5,2529.0],[1282.5,2528.0],[1283.0,2527.5],[1283.5,2527.0],[1283.5,2526.0],[1283.5,2525.0],[1283.5,2524.0],[1283.5,2523.0],[1283.5,2522.0],[1283.5,2521.0],[1283.5,2520.0],[1283.0,2519.5],[1282.5,2519.0],[1282.5,2518.0],[1282.5,2517.0],[1282.5,2516.0],[1282.5,2515.0],[1282.5,2514.0],[1282.5,2513.0],[1282.5,2512.0],[1282.5,2511.0],[1283.0,2510.5],[1283.5,2510.0],[1284.0,2509.5],[1284.5,2509.0],[1285.0,2508.5],[1285.5,2508.0],[1286.0,2507.5],[1287.0,2507.5],[1288.0,2507.5],[1289.0,2507.5],[1289.5,2507.0],[1290.0,2506.5],[1291.0,2506.5],[1292.0,2506.5],[1293.0,2506.5],[1294.0,2506.5],[1295.0,2506.5],[1295.5,2506.0],[1296.0,2505.5],[1297.0,2505.5],[1298.0,2505.5],[1298.5,2505.0],[1299.0,2504.5],[1300.0,2504.5],[1301.0,2504.5],[1302.0,2504.5],[1303.0,2504.5],[1303.5,2504.0],[1304.0,2503.5],[1305.0,2503.5],[1306.0,2503.5],[1307.0,2503.5],[1308.0,2503.5],[1309.0,2503.5],[1310.0,2503.5],[1311.0,2503.5],[1312.0,2503.5],[1312.5,2503.0],[1313.0,2502.5],[1314.0,2502.5],[1315.0,2502.5],[1316.0,2502.5],[1317.0,2502.5],[1318.0,2502.5],[1319.0,2502.5],[1320.0,2502.5],[1321.0,2502.5],[1322.0,2502.5],[1323.0,2502.5],[1324.0,2502.5],[1325.0,2502.5],[1326.0,2502.5],[1326.5,2502.0],[1327.0,2501.5],[1328.0,2501.5],[1329.0,2501.5],[1330.0,2501.5],[1331.0,2501.5],[1332.0,2501.5],[1333.0,2501.5],[1334.0,2501.5],[1335.0,2501.5],[1336.0,2501.5],[1337.0,2501.5],[1338.0,2501.5],[1339.0,2501.5],[1340.0,2501.5],[1341.0,2501.5],[1342.0,2501.5],[1343.0,2501.5],[1344.0,2501.5],[1345.0,2501.5],[1346.0,2501.5],[1347.0,2501.5],[1348.0,2501.5],[1349.0,2501.5],[1349.5,2502.0],[1350.0,2502.5],[1351.0,2502.5],[1352.0,2502.5],[1353.0,2502.5],[1354.0,2502.5],[1355.0,2502.5],[1356.0,2502.5],[1357.0,2502.5],[1358.0,2502.5],[1359.0,2502.5],[1360.0,2502.5],[1361.0,2502.5],[1362.0,2502.5],[1363.0,2502.5],[1364.0,2502.5],[1364.5,2502.0],[1365.0,2501.5],[1366.0,2501.5],[1367.0,2501.5],[1368.0,2501.5],[1368.5,2501.0],[1369.0,2500.5],[1370.0,2500.5],[1371.0,2500.5],[1372.0,2500.5],[1373.0,2500.5],[1374.0,2500.5],[1374.5,2500.0],[1375.0,2499.5],[1376.0,2499.5],[1377.0,2499.5],[1378.0,2499.5],[1379.0,2499.5],[1379.5,2499.0],[1380.0,2498.5],[1381.0,2498.5],[1382.0,2498.5],[1383.0,2498.5],[1383.5,2498.0],[1384.0,2497.5],[1385.0,2497.5],[1386.0,2497.5],[1386.5,2497.0],[1387.0,2496.5],[1388.0,2496.5],[1389.0,2496.5],[1390.0,2496.5],[1390.5,2496.0],[1391.0,2495.5],[1392.0,2495.5],[1393.0,2495.5],[1394.0,2495.5],[1395.0,2495.5],[1395.5,2495.0],[1396.0,2494.5],[1397.0,2494.5],[1398.0,2494.5],[1399.0,2494.5],[1399.5,2494.0],[1400.0,2493.5],[1401.0,2493.5],[1402.0,2493.5],[1403.0,2493.5],[1404.0,2493.5],[1405.0,2493.5],[1405.5,2493.0]]",243068.81432533,431126.05385208,60.24347305,,,,,0.1324338847,원본사진/DJI_20250702151015_0500_V.JPG,"[""512원본타일/DJI_20250702151015_0500_V__x01024_y02048.png"",""512원본타일/DJI_20250702151015_0500_V__x01024_y02560.png""]","[""512라벨오버레이/DJI_20250702151015_0500_V__x01024_y02048.png"",""512라벨오버레이/DJI_20250702151015_0500_V__x01024_y02560.png""]"
DJI_20250702151015_0500_V.JPG,D000122,DLM,박리,"[[1024.0,2510.5],[1025.0,2510.5],[1026.0,2510.5],[1026.5,2510.0],[1027.0,2509.5],[1028.0,2509.5],[1029.0,2509.5],[1029.5,2509.0],[1030.0,2508.5],[1031.0,2508.5],[1032.0,2508.5],[1033.0,2508.5],[1034.0,2508.5],[1034.5,2508.0],[1035.0,2507.5],[1036.0,2507.5],[1037.0,2507.5],[1038.0,2507.5],[1039.0,2507.5],[1040.0,2507.5],[1041.0,2507.5],[1042.0,2507.5],[1043.0,2507.5],[1044.0,2507.5],[1045.0,2507.5],[1046.0,2507.5],[1047.0,2507.5],[1047.5,2507.0],[1048.0,2506.5],[1049.0,2506.5],[1050.0,2506.5],[1051.0,2506.5],[1052.0,2506.5],[1053.0,2506.5],[1054.0,2506.5],[1055.0,2506.5],[1056.0,2506.5],[1057.0,2506.5],[1058.0,2506.5],[1059.0,2506.5],[1060.0,2506.5],[1061.0,2506.5],[1062.0,2506.5],[1063.0,2506.5],[1064.0,2506.5],[1065.0,2506.5],[1066.0,2506.5],[1067.0,2506.5],[1068.0,2506.5],[1069.0,2506.5],[1070.0,2506.5],[1071.0,2506.5],[1072.0,2506.5],[1073.0,2506.5],[1074.0,2506.5],[1075.0,2506.5],[1076.0,2506.5],[1077.0,2506.5],[1078.0,2506.5],[1079.0,2506.5],[1080.0,2506.5],[1081.0,2506.5],[1082.0,2506.5],[1083.0,2506.5],[1084.0,2506.5],[1085.0,2506.5],[1086.0,2506.5],[1086.5,2507.0],[1087.0,2507.5],[1088.0,2507.5],[1089.0,2507.5],[1090.0,2507.5],[1091.0,2507.5],[1092.0,2507.5],[1093.0,2507.5],[1094.0,2507.5],[1095.0,2507.5],[1096.0,2507.5],[1097.0,2507.5],[1097.5,2507.0],[1098.0,2506.5],[1099.0,2506.5],[1100.0,2506.5],[1101.0,2506.5],[1102.0,2506.5],[1103.0,2506.5],[1104.0,2506.5],[1105.0,2506.5],[1105.5,2506.0],[1106.0,2505.5],[1107.0,2505.5],[1108.0,2505.5],[1109.0,2505.5],[1110.0,2505.5],[1110.5,2505.0],[1111.0,2504.5],[1112.0,2504.5],[1112.5,2504.0]]",243068.47571278,431127.13092422,60.24794006,,,,,0.0862057228,원본사진/DJI_20250702151015_0500_V.JPG,"[""512원본타일/DJI_20250702151015_0500_V__x01024_y02048.png"",""512원본타일/DJI_20250702151015_0500_V__x01024_y02560.png""]","[""512라벨오버레이/DJI_20250702151015_0500_V__x01024_y02048.png"",""512라벨오버레이/DJI_20250702151015_0500_V__x01024_y02560.png""]"
DJI_20250702160538_0800_V.JPG,D000195,DLM,박리,"[[4052.5,1021.0],[4053.0,1021.5],[4053.5,1023.0],[4054.0,1023.5],[4056.0,1023.5],[4057.0,1023.5],[4059.0,1023.5],[4060.0,1023.5],[4062.0,1023.5],[4063.0,1023.5],[4065.0,1023.5],[4067.0,1023.5],[4068.0,1023.5],[4070.0,1023.5],[4071.0,1023.5],[4073.0,1023.5],[4074.0,1023.5],[4076.0,1023.5],[4077.0,1023.5],[4079.0,1023.5],[4081.0,1023.5],[4082.0,1023.5],[4084.0,1023.5],[4085.0,1023.5],[4087.0,1023.5],[4088.0,1023.5],[4090.0,1023.5],[4091.0,1023.5],[4093.0,1023.5],[4095.0,1023.5],[4096.0,1023.5],[4096.5,1025.0],[4096.5,1026.0],[4096.5,1028.0],[4096.5,1029.0],[4096.5,1031.0],[4096.5,1032.0],[4096.5,1034.0],[4096.5,1036.0],[4096.5,1037.0],[4096.5,1039.0],[4096.5,1040.0],[4096.5,1042.0],[4096.5,1043.0],[4096.5,1045.0],[4096.5,1046.0],[4096.5,1048.0],[4096.5,1049.0],[4096.5,1051.0],[4096.5,1053.0],[4096.5,1054.0],[4096.5,1056.0],[4096.5,1057.0],[4096.5,1059.0],[4096.5,1060.0],[4096.5,1062.0],[4096.5,1063.0],[4096.5,1065.0],[4096.5,1067.0],[4096.5,1068.0],[4096.5,1070.0],[4096.5,1071.0],[4096.5,1073.0],[4096.5,1074.0],[4096.5,1076.0],[4096.5,1077.0],[4096.5,1079.0],[4096.5,1081.0],[4096.5,1082.0],[4096.5,1084.0],[4096.5,1085.0],[4096.5,1087.0],[4096.5,1088.0],[4096.5,1090.0],[4096.5,1091.0],[4096.5,1093.0],[4096.5,1095.0],[4096.5,1096.0],[4096.5,1098.0],[4096.5,1099.0],[4096.5,1101.0],[4096.5,1102.0],[4096.5,1104.0],[4096.5,1105.0],[4096.5,1107.0],[4096.5,1109.0],[4096.5,1110.0],[4096.5,1112.0],[4096.5,1113.0],[4096.5,1115.0],[4096.5,1116.0],[4096.5,1118.0],[4096.5,1119.0],[4096.5,1121.0],[4096.0,1121.5],[4095.0,1122.5],[4094.5,1124.0],[4095.0,1124.5],[4096.5,1125.0],[4096.5,1126.0],[4096.5,1128.0],[4096.5,1129.0],[4096.5,1131.0],[4096.5,1132.0],[4096.5,1134.0],[4097.5,1135.0],[4097.5,1136.0],[4097.5,1138.0],[4097.5,1139.0],[4098.0,1140.5],[4098.5,1141.0],[4098.5,1143.0],[4098.5,1144.0],[4099.5,1145.0],[4099.5,1147.0],[4100.0,1147.5],[4100.5,1149.0],[4100.5,1150.0],[4101.5,1151.0],[4101.5,1152.0],[4102.5,1153.0],[4102.5,1154.0],[4102.5,1156.0],[4102.5,1158.0],[4102.5,1159.0],[4102.5,1161.0],[4102.5,1162.0],[4102.5,1164.0],[4103.0,1164.5],[4103.5,1166.0],[4104.0,1166.5],[4105.0,1167.5],[4105.5,1168.0],[4106.5,1169.0],[4107.5,1170.0],[4108.0,1170.5],[4109.0,1171.5],[4109.5,1172.0],[4109.5,1174.0],[4109.5,1175.0],[4109.5,1177.0],[4109.5,1178.0],[4109.5,1180.0],[4109.5,1182.0],[4109.5,1183.0],[4110.0,1184.5],[4110.5,1185.0],[4110.5,1187.0],[4110.5,1188.0],[4110.5,1190.0],[4110.5,1191.0],[4110.5,1193.0],[4110.5,1195.0],[4111.0,1195.5],[4111.5,1197.0],[4111.5,1198.0],[4112.5,1199.0],[4112.5,1200.0],[4112.5,1202.0],[4112.5,1203.0],[4112.5,1205.0],[4112.5,1207.0],[4112.5,1208.0],[4113.5,1209.0],[4113.5,1210.0],[4114.0,1211.5],[4114.5,1212.0],[4115.0,1213.5],[4115.5,1214.0],[4116.5,1215.0],[4116.5,1217.0],[4117.0,1217.5],[4117.5,1219.0],[4118.0,1219.5],[4118.5,1221.0],[4118.5,1222.0],[4119.0,1223.5],[4119.5,1224.0],[4119.5,1226.0],[4119.5,1227.0],[4119.5,1229.0],[4120.0,1230.5],[4120.5,1231.0],[4120.5,1233.0],[4120.5,1234.0],[4120.5,1236.0],[4120.5,1237.0],[4121.5,1238.0],[4121.5,1239.0],[4121.5,1241.0],[4122.5,1242.0],[4122.5,1243.0],[4123.5,1244.0],[4123.5,1245.0],[4124.0,1246.5],[4124.5,1247.0],[4124.5,1249.0],[4125.0,1249.5],[4125.5,1251.0],[4126.0,1252.5],[4126.5,1253.0],[4126.5,1255.0],[4126.5,1256.0],[4126.5,1258.0],[4126.5,1259.0],[4127.0,1260.5],[4127.5,1261.0],[4127.5,1263.0],[4127.5,1265.0],[4127.5,1266.0],[4127.5,1268.0],[4127.5,1269.0],[4128.0,1270.5],[4128.5,1271.0],[4128.5,1273.0],[4128.5,1274.0],[4128.5,1276.0],[4128.5,1277.0],[4128.5,1279.0],[4129.5,1280.0],[4129.5,1281.0],[4129.5,1283.0],[4129.5,1284.0],[4129.5,1286.0],[4129.5,1287.0],[4130.5,1288.0],[4130.5,1289.0],[4130.5,1291.0],[4130.5,1293.0],[4130.5,1294.0],[4130.5,1296.0],[4131.0,1296.5],[4131.5,1298.0],[4131.5,1299.0],[4131.5,1301.0],[4131.5,1302.0],[4132.0,1303.5],[4132.5,1305.0],[4132.5,1306.0],[4132.5,1308.0],[4132.5,1309.0],[4132.5,1311.0],[4132.5,1312.0],[4133.5,1313.0],[4133.5,1314.0],[4133.5,1316.0],[4133.5,1318.0],[4133.5,1319.0],[4133.5,1321.0],[4134.0,1321.5],[4134.5,1323.0],[4134.5,1324.0],[4134.5,1326.0],[4134.5,1327.0],[4134.5,1329.0],[4135.0,1330.5]]",243055.52528286,431188.69424152,73.35079241,,,,,0.2320392243,원본사진/DJI_20250702160538_0800_V.JPG,"[""512원본타일/DJI_20250702160538_0800_V__x03584_y01024.png"",""512원본타일/DJI_20250702160538_0800_V__x03584_y00512.png"",""512원본타일/DJI_20250702160538_0800_V__x04096_y01024.png""]","[""512라벨오버레이/DJI_20250702160538_0800_V__x03584_y01024.png"",""512라벨오버레이/DJI_20250702160538_0800_V__x03584_y00512.png"",""512라벨오버레이/DJI_20250702160538_0800_V__x04096_y01024.png""]"
DJI_20250702160538_0800_V.JPG,D000196,DLM,박리,"[[4129.0,1378.5],[4128.5,1379.0],[4128.0,1379.5],[4127.5,1380.0],[4127.5,1381.0],[4127.0,1381.5],[4126.5,1382.0]]",243055.2375536,431188.5375042,72.60729217,,,,,0.000493638,원본사진/DJI_20250702160538_0800_V.JPG,"[""512원본타일/DJI_20250702160538_0800_V__x04096_y01024.png""]","[""512라벨오버레이/DJI_20250702160538_0800_V__x04096_y01024.png""]"
DJI_20250702160538_0800_V.JPG,D000197,DLM,박리,"[[1274.0,1752.5],[1274.5,1752.0],[1274.5,1751.0],[1274.5,1750.0],[1275.0,1748.5],[1275.5,1748.0],[1275.5,1747.0],[1276.5,1746.0],[1276.5,1745.0],[1276.5,1744.0],[1277.0,1742.5],[1277.5,1742.0],[1277.5,1741.0],[1277.5,1739.0],[1277.5,1738.0],[1277.5,1737.0],[1277.5,1735.0],[1277.5,1734.0],[1277.5,1733.0],[1277.5,1731.0],[1277.5,1730.0],[1277.5,1729.0],[1276.5,1728.0],[1276.5,1727.0],[1276.5,1726.0],[1276.5,1724.0],[1276.5,1723.0],[1276.5,1722.0],[1276.5,1720.0],[1276.5,1719.0],[1277.0,1718.5],[1277.5,1717.0],[1277.5,1716.0],[1277.5,1715.0],[1278.5,1714.0],[1278.5,1713.0],[1279.0,1712.5],[1280.0,1711.5],[1280.5,1711.0],[1280.5,1710.0],[1281.5,1709.0],[1281.5,1708.0],[1282.0,1707.5],[1282.5,1706.0],[1283.0,1705.5],[1283.5,1705.0],[1284.5,1704.0],[1285.0,1703.5],[1285.5,1703.0],[1286.5,1702.0],[1286.5,1701.0],[1287.0,1700.5],[1288.0,1699.5],[1288.5,1699.0],[1289.0,1698.5],[1290.0,1697.5],[1290.5,1697.0],[1291.0,1696.5],[1292.0,1695.5],[1292.5,1695.0],[1293.0,1694.5],[1294.0,1693.5],[1294.5,1693.0],[1295.0,1692.5],[1296.5,1692.0],[1297.0,1691.5],[1298.0,1691.5],[1299.0,1690.5],[1299.5,1690.0],[1300.0,1689.5],[1301.5,1689.0],[1302.0,1688.5],[1303.0,1688.5],[1304.0,1687.5],[1304.5,1687.0],[1305.0,1686.5],[1306.5,1686.0],[1307.0,1685.5],[1308.0,1685.5],[1309.0,1684.5],[1310.0,1684.5],[1310.5,1684.0],[1312.0,1683.5],[1312.5,1683.0],[1313.0,1682.5],[1315.0,1682.5],[1315.5,1682.0],[1316.0,1681.5],[1317.0,1681.5],[1318.5,1681.0],[1319.0,1680.5],[1320.0,1680.5],[1322.0,1680.5],[1322.5,1680.0],[1323.0,1679.5],[1325.0,1679.5],[1326.0,1679.5],[1327.0,1679.5],[1328.0,1678.5],[1329.0,1678.5],[1330.0,1678.5],[1332.0,1678.5],[1332.5,1678.0],[1333.0,1677.5],[1335.0,1677.5],[1335.5,1677.0],[1336.0,1676.5],[1338.0,1676.5],[1338.5,1676.0],[1339.0,1675.5],[1340.5,1675.0],[1341.0,1674.5],[1342.0,1674.5],[1343.5,1674.0],[1344.0,1673.5],[1345.0,1673.5],[1346.0,1672.5],[1347.0,1672.5],[1348.0,1672.5],[1349.0,1671.5],[1350.0,1671.5],[1351.0,1671.5],[1353.0,1671.5],[1354.0,1671.5],[1354.5,1671.0],[1356.0,1670.5],[1357.0,1670.5],[1358.0,1670.5],[1359.5,1670.0],[1360.0,1669.5],[1361.0,1669.5],[1363.0,1669.5],[1363.5,1669.0],[1364.0,1668.5],[1366.0,1668.5],[1367.0,1668.5],[1368.0,1668.5],[1370.0,1668.5],[1371.0,1668.5],[1371.5,1668.0],[1373.0,1667.5],[1374.0,1667.5],[1375.0,1667.5],[1377.0,1667.5],[1378.0,1667.5],[1379.0,1667.5],[1380.0,1666.5],[1381.0,1666.5],[1382.0,1666.5],[1383.5,1666.0],[1384.0,1665.5],[1385.0,1665.5],[1386.0,1664.5],[1387.0,1664.5],[1388.0,1664.5],[1389.0,1663.5],[1390.0,1663.5],[1390.5,1663.0],[1392.0,1662.5],[1392.5,1662.0],[1393.0,1661.5],[1394.0,1660.5],[1395.0,1660.5],[1395.5,1660.0],[1397.0,1659.5],[1398.0,1659.5],[1398.5,1659.0],[1399.5,1658.0],[1400.0,1657.5],[1401.0,1657.5],[1402.0,1656.5],[1403.0,1656.5],[1403.5,1656.0],[1404.0,1655.5],[1405.0,1654.5],[1406.0,1654.5],[1406.5,1654.0],[1407.5,1653.0],[1408.0,1652.5],[1409.0,1652.5],[1410.0,1651.5],[1410.5,1651.0],[1411.0,1650.5],[1412.5,1650.0],[1413.0,1649.5],[1413.5,1649.0],[1415.0,1648.5],[1415.5,1648.0],[1416.0,1647.5],[1417.0,1646.5],[1418.0,1646.5],[1418.5,1646.0],[1420.0,1645.5],[1420.5,1645.0],[1421.0,1644.5],[1422.0,1643.5],[1423.0,1643.5],[1423.5,1643.0],[1425.0,1642.5],[1425.5,1642.0],[1426.0,1641.5],[1427.0,1640.5],[1428.0,1640.5],[1428.5,1640.0],[1429.5,1639.0],[1430.0,1638.5],[1431.0,1638.5],[1432.0,1637.5],[1432.5,1637.0],[1433.0,1636.5],[1434.0,1635.5],[1435.0,1635.5],[1435.5,1635.0],[1436.5,1634.0],[1437.0,1633.5],[1437.5,1633.0],[1439.0,1632.5],[1439.5,1632.0],[1440.0,1631.5],[1441.5,1631.0],[1442.0,1630.5],[1443.0,1630.5],[1445.0,1630.5],[1445.5,1630.0],[1446.0,1629.5],[1447.5,1629.0],[1448.0,1628.5],[1449.0,1628.5],[1450.5,1628.0],[1451.0,1627.5],[1452.0,1627.5],[1453.5,1627.0],[1454.0,1626.5],[1455.0,1626.5],[1456.0,1625.5],[1457.0,1625.5],[1457.5,1625.0],[1459.0,1624.5],[1460.0,1624.5],[1460.5,1624.0],[1462.0,1623.5],[1463.0,1623.5],[1464.0,1623.5],[1465.0,1624.5],[1466.0,1624.5],[1467.0,1624.5],[1469.0,1624.5],[1470.0,1624.5],[1471.0,1624.5],[1473.0,1624.5],[1474.0,1624.5],[1474.5,1624.0],[1476.0,1623.5],[1476.5,1623.0],[1477.0,1622.5],[1478.5,1622.0]]",243052.78924084,431198.06638145,71.25279045,,,,,0.7565377203,원본사진/DJI_20250702160538_0800_V.JPG,"[""512원본타일/DJI_20250702160538_0800_V__x01024_y01536.png"",""512원본타일/DJI_20250702160538_0800_V__x01536_y01536.png""]","[""512라벨오버레이/DJI_20250702160538_0800_V__x01024_y01536.png"",""512라벨오버레이/DJI_20250702160538_0800_V__x01536_y01536.png""]"
DJI_20250702160538_0800_V.JPG,D000198,DLM,박리,"[[1925.0,1724.5],[1924.5,1725.0],[1924.5,1726.0],[1924.5,1727.0],[1924.5,1728.0],[1924.5,1729.0],[1924.5,1730.0],[1924.0,1731.5],[1923.5,1732.0],[1923.5,1733.0],[1923.0,1733.5],[1922.5,1734.0],[1922.0,1734.5],[1921.5,1735.0],[1920.5,1736.0],[1920.0,1736.5],[1919.5,1737.0],[1919.0,1737.5],[1918.5,1738.0],[1918.0,1738.5],[1917.5,1739.0],[1916.5,1740.0],[1916.0,1740.5],[1915.5,1741.0],[1915.0,1741.5],[1914.5,1742.0],[1914.0,1742.5],[1913.0,1743.5],[1912.5,1744.0],[1912.0,1744.5],[1911.5,1745.0],[1911.0,1745.5],[1910.0,1745.5],[1909.5,1746.0],[1908.0,1746.5],[1907.5,1747.0],[1907.0,1747.5],[1906.5,1748.0],[1906.0,1748.5],[1905.5,1749.0],[1905.0,1749.5],[1903.5,1750.0],[1903.0,1750.5],[1902.5,1751.0],[1902.0,1751.5],[1901.5,1752.0],[1901.0,1752.5],[1900.0,1753.5],[1899.5,1754.0],[1899.0,1754.5],[1898.5,1755.0],[1898.5,1756.0],[1898.5,1757.0],[1898.0,1757.5],[1897.5,1759.0],[1897.0,1759.5],[1896.5,1760.0],[1896.5,1761.0],[1896.0,1761.5],[1895.5,1762.0],[1895.5,1763.0],[1895.0,1764.5],[1894.5,1765.0],[1894.5,1766.0],[1894.5,1767.0],[1894.0,1767.5],[1893.5,1768.0],[1893.5,1769.0],[1892.5,1770.0],[1892.5,1771.0],[1892.0,1771.5],[1891.5,1772.0],[1891.5,1773.0],[1891.5,1774.0],[1891.0,1775.5],[1890.5,1776.0],[1890.5,1777.0],[1890.0,1777.5],[1889.5,1778.0],[1889.0,1778.5],[1888.5,1778.0],[1887.5,1777.0],[1887.0,1776.5],[1886.5,1776.0],[1886.0,1775.5],[1885.0,1775.5],[1884.0,1775.5],[1883.0,1775.5],[1881.5,1776.0],[1881.5,1777.0],[1881.0,1777.5],[1880.5,1778.0],[1880.5,1779.0],[1880.5,1780.0],[1880.5,1782.0],[1880.5,1783.0],[1880.5,1784.0],[1880.5,1785.0],[1880.5,1786.0],[1880.0,1786.5],[1879.5,1787.0],[1879.0,1788.5],[1878.5,1789.0],[1878.0,1789.5],[1877.5,1790.0],[1877.5,1791.0],[1877.0,1791.5],[1876.5,1792.0],[1875.5,1793.0],[1875.0,1793.5],[1874.5,1794.0],[1874.0,1794.5],[1873.0,1794.5],[1872.5,1795.0],[1872.0,1795.5],[1870.0,1795.5],[1869.0,1795.5],[1868.5,1795.0],[1868.0,1794.5],[1867.0,1794.5],[1866.0,1794.5],[1864.0,1794.5],[1863.0,1794.5],[1862.0,1794.5],[1861.0,1794.5],[1860.0,1794.5],[1859.5,1795.0],[1859.0,1795.5],[1858.0,1796.5],[1857.5,1797.0],[1857.5,1798.0],[1857.5,1799.0],[1857.5,1800.0],[1857.0,1800.5],[1856.5,1801.0],[1856.5,1803.0],[1856.0,1803.5],[1855.5,1804.0],[1855.5,1805.0],[1855.0,1805.5],[1854.5,1806.0],[1854.5,1808.0],[1854.0,1808.5],[1853.5,1809.0],[1853.5,1810.0],[1853.5,1811.0],[1853.0,1811.5],[1852.5,1812.0],[1852.5,1814.0],[1852.5,1815.0],[1852.0,1815.5],[1851.5,1816.0],[1851.5,1817.0],[1851.0,1817.5],[1850.5,1818.0],[1850.0,1819.5],[1849.5,1820.0],[1849.0,1820.5],[1848.5,1821.0],[1848.0,1821.5],[1847.5,1822.0],[1847.5,1823.0],[1847.5,1825.0],[1847.5,1826.0],[1847.5,1827.0],[1847.5,1828.0],[1847.5,1829.0],[1848.0,1829.5],[1849.0,1830.5],[1849.5,1831.0],[1850.0,1831.5],[1850.5,1832.0],[1850.0,1832.5],[1849.5,1833.0],[1849.0,1833.5],[1848.5,1835.0],[1848.5,1836.0],[1848.0,1836.5],[1847.5,1837.0],[1847.0,1837.5],[1846.5,1838.0],[1846.5,1839.0],[1846.0,1840.5],[1845.5,1841.0],[1845.0,1841.5],[1844.0,1841.5],[1843.5,1842.0],[1843.0,1842.5],[1841.5,1843.0],[1841.0,1843.5],[1840.0,1843.5],[1839.5,1844.0],[1839.0,1844.5],[1838.0,1844.5],[1837.0,1844.5],[1836.0,1845.5],[1835.0,1845.5],[1834.5,1846.0],[1834.0,1846.5],[1833.0,1846.5],[1832.5,1847.0],[1832.0,1847.5],[1830.5,1848.0],[1830.0,1848.5],[1829.0,1848.5],[1828.0,1848.5],[1827.0,1848.5],[1826.0,1848.5],[1825.0,1848.5],[1823.0,1848.5],[1822.0,1848.5],[1821.0,1848.5],[1820.0,1848.5],[1819.0,1848.5],[1818.5,1849.0],[1817.0,1849.5],[1816.0,1849.5],[1815.0,1849.5],[1814.0,1849.5],[1813.5,1849.0],[1813.0,1848.5],[1812.0,1848.5],[1810.5,1849.0],[1810.0,1849.5],[1809.0,1849.5],[1808.0,1849.5],[1807.0,1849.5],[1806.0,1849.5],[1805.0,1849.5],[1804.0,1850.5],[1803.0,1850.5],[1802.0,1850.5],[1801.0,1850.5],[1800.0,1850.5],[1799.0,1850.5],[1797.0,1850.5],[1796.0,1850.5],[1795.0,1850.5],[1794.0,1850.5],[1793.0,1850.5],[1792.0,1850.5],[1791.0,1850.5],[1789.5,1851.0],[1789.0,1851.5],[1788.0,1851.5],[1787.0,1851.5],[1786.0,1851.5],[1785.0,1851.5],[1784.0,1851.5],[1782.0,1851.5],[1781.0,1851.5],[1780.0,1851.5],[1779.0,1851.5],[1778.0,1851.5],[1777.0,1851.5],[1775.5,1852.0]]",243053.11728668,431196.86632347,71.17076397,,,,,0.4312967541,원본사진/DJI_20250702160538_0800_V.JPG,"[""512원본타일/DJI_20250702160538_0800_V__x01536_y01536.png""]","[""512라벨오버레이/DJI_20250702160538_0800_V__x01536_y01536.png""]"
DJI_20250702160538_0800_V.JPG,D000199,DLM,박리,"[[4091.5,2416.0],[4091.0,2415.5],[4090.0,2415.5],[4089.0,2415.5],[4088.0,2415.5],[4087.0,2415.5],[4086.0,2415.5],[4085.0,2415.5],[4084.0,2415.5],[4083.0,2415.5],[4082.5,2415.0],[4082.0,2414.5],[4081.0,2414.5],[4080.0,2414.5],[4079.0,2414.5],[4078.0,2414.5],[4077.0,2414.5],[4076.0,2414.5],[4075.0,2414.5],[4074.0,2414.5],[4073.0,2414.5],[4072.0,2414.5],[4071.0,2414.5],[4070.0,2414.5],[4069.0,2414.5],[4068.0,2414.5],[4067.0,2414.5],[4066.0,2414.5],[4065.0,2414.5],[4064.5,2414.0],[4064.0,2413.5],[4063.0,2413.5],[4062.0,2413.5],[4061.5,2413.0],[4061.0,2412.5],[4060.5,2412.0],[4060.0,2411.5],[4059.5,2411.0],[4059.0,2410.5],[4058.5,2410.0],[4058.0,2409.5],[4057.5,2409.0],[4057.5,2408.0],[4057.5,2407.0],[4057.5,2406.0],[4057.5,2405.0],[4057.5,2404.0],[4057.5,2403.0],[4057.5,2402.0],[4057.5,2401.0],[4057.5,2400.0],[4057.5,2399.0],[4057.5,2398.0],[4057.5,2397.0],[4057.5,2396.0],[4057.0,2395.5],[4056.5,2395.0],[4056.5,2394.0],[4056.5,2393.0],[4056.5,2392.0],[4056.5,2391.0],[4056.5,2390.0],[4056.5,2389.0],[4056.5,2388.0],[4056.5,2387.0],[4056.5,2386.0],[4056.5,2385.0],[4056.5,2384.0],[4056.5,2383.0],[4056.5,2382.0],[4056.0,2381.5],[4055.5,2381.0],[4055.5,2380.0],[4055.5,2379.0],[4055.5,2378.0],[4055.5,2377.0],[4055.0,2376.5],[4054.5,2376.0],[4054.5,2375.0],[4054.5,2374.0],[4054.5,2373.0],[4054.5,2372.0],[4054.5,2371.0],[4054.0,2370.5]]",243054.35107613,431188.51453781,69.05343819,,,,,0.0248858599,원본사진/DJI_20250702160538_0800_V.JPG,"[""512원본타일/DJI_20250702160538_0800_V__x03584_y02048.png"",""512원본타일/DJI_20250702160538_0800_V__x04096_y02048.png""]","[""512라벨오버레이/DJI_20250702160538_0800_V__x03584_y02048.png"",""512라벨오버레이/DJI_20250702160538_0800_V__x04096_y02048.png""]"
DJI_20250702160538_0800_V.JPG,D000200,DLM,박리,"[[2157.5,2498.0],[2157.0,2497.5],[2156.0,2497.5],[2155.5,2497.0],[2155.0,2496.5],[2154.0,2496.5],[2153.0,2496.5],[2152.5,2496.0],[2152.0,2495.5],[2151.0,2495.5],[2150.0,2495.5],[2149.0,2495.5],[2148.0,2495.5],[2147.5,2495.0],[2147.0,2494.5],[2146.0,2494.5],[2145.0,2494.5],[2144.0,2494.5],[2143.0,2494.5],[2142.5,2494.0],[2142.0,2493.5],[2141.0,2493.5],[2140.0,2493.5],[2139.0,2493.5],[2138.0,2493.5],[2137.0,2493.5],[2136.0,2493.5],[2135.5,2494.0],[2135.0,2494.5],[2134.0,2494.5],[2133.0,2494.5],[2132.0,2494.5],[2131.0,2494.5],[2130.0,2494.5],[2129.0,2494.5],[2128.0,2494.5],[2127.0,2494.5],[2126.0,2494.5],[2125.0,2494.5],[2124.0,2494.5],[2123.5,2494.0],[2123.0,2493.5],[2122.0,2493.5],[2121.5,2493.0],[2121.0,2492.5],[2120.0,2492.5],[2119.5,2492.0],[2119.5,2491.0],[2119.5,2490.0],[2119.0,2489.5],[2118.5,2489.0],[2118.5,2488.0],[2118.5,2487.0],[2118.0,2486.5],[2117.5,2486.0],[2117.5,2485.0],[2117.5,2484.0],[2117.5,2483.0],[2117.5,2482.0],[2117.5,2481.0],[2117.5,2480.0],[2117.5,2479.0],[2117.5,2478.0],[2117.0,2477.5],[2116.5,2477.0],[2116.5,2476.0],[2116.5,2475.0],[2116.5,2474.0],[2116.5,2473.0],[2116.0,2472.5],[2115.5,2472.0],[2115.5,2471.0],[2115.0,2470.5],[2114.5,2470.0],[2114.0,2469.5],[2113.5,2469.0],[2113.0,2468.5],[2112.0,2468.5],[2111.5,2468.0],[2111.0,2467.5],[2110.0,2467.5],[2109.5,2467.0],[2109.0,2466.5],[2108.0,2466.5],[2107.0,2466.5],[2106.0,2466.5],[2105.0,2466.5],[2104.0,2466.5],[2103.0,2466.5],[2102.5,2467.0],[2102.0,2467.5],[2101.0,2467.5],[2100.0,2467.5],[2099.0,2467.5],[2098.0,2467.5],[2097.0,2467.5],[2096.0,2467.5],[2095.5,2467.0],[2095.0,2466.5],[2094.5,2466.0],[2094.0,2465.5],[2093.5,2465.0],[2093.0,2464.5],[2092.5,2464.0],[2092.0,2463.5],[2091.5,2463.0],[2091.0,2462.5],[2090.5,2462.0],[2090.5,2461.0],[2090.0,2460.5],[2089.5,2460.0],[2089.5,2459.0],[2089.0,2458.5],[2088.5,2458.0],[2088.5,2457.0],[2088.5,2456.0],[2088.0,2455.5]]",243052.00281048,431195.02214432,68.9510994,,,,,0.0488406188,원본사진/DJI_20250702160538_0800_V.JPG,"[""512원본타일/DJI_20250702160538_0800_V__x02048_y02048.png""]","[""512라벨오버레이/DJI_20250702160538_0800_V__x02048_y02048.png""]"
DJI_20250702160538_0800_V.JPG,D000201,DLM,박리,"[[3373.5,3567.0],[3373.0,3566.5],[3372.0,3566.5],[3371.0,3566.5],[3370.0,3566.5],[3369.0,3566.5],[3368.0,3566.5],[3367.0,3566.5],[3366.0,3566.5],[3365.0,3566.5],[3364.0,3566.5],[3363.0,3566.5],[3362.0,3566.5],[3361.0,3566.5],[3360.0,3566.5],[3359.0,3566.5],[3358.0,3566.5],[3357.0,3566.5],[3356.0,3566.5],[3355.0,3566.5],[3354.5,3566.0],[3354.0,3565.5],[3353.0,3565.5],[3352.0,3565.5],[3351.0,3565.5],[3350.0,3565.5],[3349.0,3565.5],[3348.0,3565.5],[3347.5,3565.0],[3347.0,3564.5],[3346.0,3564.5],[3345.5,3564.0],[3345.0,3563.5],[3344.0,3563.5],[3343.0,3563.5],[3342.0,3563.5],[3341.0,3563.5],[3340.0,3563.5],[3339.0,3563.5],[3338.0,3563.5],[3337.0,3563.5],[3336.0,3563.5],[3335.5,3563.0],[3335.0,3562.5],[3334.0,3562.5],[3333.0,3562.5],[3332.0,3562.5],[3331.0,3562.5],[3330.5,3562.0],[3330.0,3561.5],[3329.0,3561.5],[3328.0,3561.5],[3327.0,3561.5],[3326.0,3561.5],[3325.0,3561.5],[3324.0,3561.5],[3323.0,3561.5],[3322.0,3561.5],[3321.0,3561.5],[3320.0,3561.5],[3319.0,3561.5],[3318.0,3561.5],[3317.0,3561.5],[3316.0,3561.5],[3315.5,3561.0],[3315.0,3560.5],[3314.0,3560.5],[3313.0,3560.5],[3312.0,3560.5],[3311.0,3560.5],[3310.0,3560.5],[3309.0,3560.5],[3308.0,3560.5],[3307.0,3560.5],[3306.0,3560.5],[3305.0,3560.5],[3304.0,3560.5],[3303.0,3560.5],[3302.0,3560.5],[3301.5,3561.0],[3301.0,3561.5],[3300.0,3561.5],[3299.0,3561.5],[3298.0,3561.5],[3297.0,3561.5],[3296.0,3561.5],[3295.5,3561.0],[3295.0,3560.5],[3294.0,3560.5],[3293.0,3560.5],[3292.0,3560.5],[3291.0,3560.5],[3290.0,3560.5],[3289.0,3560.5],[3288.0,3560.5],[3287.0,3560.5],[3286.0,3560.5],[3285.0,3560.5],[3284.0,3560.5],[3283.0,3560.5],[3282.5,3561.0],[3282.0,3561.5],[3281.0,3561.5],[3280.0,3561.5],[3279.0,3561.5],[3278.0,3561.5],[3277.0,3561.5],[3276.5,3561.0],[3276.0,3560.5],[3275.0,3560.5],[3274.0,3560.5],[3273.0,3560.5],[3272.0,3560.5],[3271.5,3560.0],[3271.0,3559.5],[3270.0,3559.5],[3269.0,3559.5],[3268.0,3559.5],[3267.5,3559.0],[3267.0,3558.5],[3266.0,3558.5],[3265.0,3558.5],[3264.0,3558.5],[3263.5,3558.0],[3263.0,3557.5],[3262.0,3557.5],[3261.0,3557.5],[3260.5,3557.0],[3260.0,3556.5],[3259.5,3556.0],[3259.5,3555.0],[3259.0,3554.5],[3258.5,3554.0],[3258.5,3553.0],[3258.0,3552.5],[3257.5,3552.0],[3257.5,3551.0],[3257.5,3550.0],[3257.5,3549.0],[3257.5,3548.0],[3257.0,3547.5],[3256.5,3547.0],[3256.5,3546.0],[3256.5,3545.0],[3256.5,3544.0],[3256.5,3543.0],[3256.5,3542.0],[3256.5,3541.0],[3256.5,3540.0],[3256.5,3539.0],[3256.5,3538.0],[3256.5,3537.0],[3256.5,3536.0],[3256.5,3535.0],[3256.5,3534.0],[3256.5,3533.0],[3256.5,3532.0],[3256.5,3531.0],[3256.5,3530.0],[3256.5,3529.0],[3256.5,3528.0],[3256.5,3527.0],[3256.5,3526.0],[3256.5,3525.0],[3256.5,3524.0],[3256.5,3523.0],[3256.5,3522.0],[3256.5,3521.0],[3256.5,3520.0],[3256.5,3519.0],[3256.5,3518.0],[3256.5,3517.0],[3256.5,3516.0],[3256.5,3515.0],[3256.5,3514.0],[3256.5,3513.0],[3256.5,3512.0],[3256.0,3511.5],[3255.5,3511.0],[3255.5,3510.0],[3255.5,3509.0],[3255.5,3508.0],[3255.5,3507.0],[3255.5,3506.0],[3255.5,3505.0],[3255.5,3504.0],[3255.5,3503.0],[3255.0,3502.5]]",243051.31341457,431190.76150131,66.09789276,,,,,0.1174779815,원본사진/DJI_20250702160538_0800_V.JPG,"[""512원본타일/DJI_20250702160538_0800_V__x03072_y03072.png""]","[""512라벨오버레이/DJI_20250702160538_0800_V__x03072_y03072.png""]"
DJI_20250702160658_0900_V.JPG,D000228,DLM,박리,"[[1504.0,641.5],[1503.5,642.0]]",243048.85048294,431210.98490524,71.68911028,,,,,6.60466e-05,원본사진/DJI_20250702160658_0900_V.JPG,"[""512원본타일/DJI_20250702160658_0900_V__x01024_y00512.png""]","[""512라벨오버레이/DJI_20250702160658_0900_V__x01024_y00512.png""]"
DJI_20250702160658_0900_V.JPG,D000229,DLM,박리,"[[2317.0,919.5],[2316.5,924.0],[2316.5,930.0],[2316.5,935.0],[2316.5,941.0],[2316.5,947.0],[2315.5,951.0],[2315.5,957.0],[2316.0,961.5],[2316.5,967.0],[2315.5,972.0],[2315.5,977.0],[2315.5,983.0],[2314.5,987.0],[2314.5,993.0],[2314.5,999.0],[2313.5,1003.0],[2313.5,1009.0],[2313.0,1014.5],[2312.5,1019.0],[2311.5,1024.0],[2311.5,1029.0],[2311.5,1035.0],[2311.5,1041.0],[2312.0,1045.5],[2311.5,1050.0],[2311.5,1055.0],[2310.5,1060.0],[2310.0,1065.5],[2309.5,1070.0],[2307.5,1074.0],[2305.0,1076.5],[2300.0,1075.5],[2295.0,1074.5],[2291.5,1073.0],[2286.5,1072.0],[2282.0,1070.5],[2278.0,1069.5],[2272.0,1069.5],[2268.0,1070.5],[2263.0,1071.5],[2258.0,1070.5],[2253.0,1070.5],[2250.5,1074.0],[2248.0,1076.5],[2244.0,1076.5],[2242.5,1072.0],[2239.0,1070.5],[2233.0,1070.5],[2228.5,1070.0],[2223.0,1069.5],[2218.5,1069.0],[2214.5,1069.0],[2209.0,1068.5],[2203.0,1068.5],[2198.0,1068.5],[2192.0,1068.5],[2187.5,1069.0],[2183.0,1070.5],[2179.0,1072.5],[2174.0,1072.5],[2168.0,1072.5],[2163.0,1072.5],[2158.0,1073.5],[2153.0,1074.5],[2149.0,1073.5],[2145.0,1071.5],[2141.0,1070.5],[2136.0,1069.5],[2131.0,1070.5],[2128.0,1068.5],[2125.5,1065.0],[2121.5,1063.0],[2118.5,1064.0],[2114.0,1065.5],[2110.5,1067.0],[2107.0,1069.5],[2101.0,1069.5],[2097.0,1068.5],[2093.0,1066.5],[2090.0,1064.5],[2085.5,1063.0],[2081.0,1061.5],[2078.5,1059.0],[2074.5,1057.0],[2071.0,1055.5],[2065.5,1055.0],[2061.0,1055.5],[2056.0,1055.5],[2052.0,1055.5],[2048.0,1055.5],[2043.5,1056.0],[2038.0,1056.5],[2033.0,1056.5],[2028.0,1057.5],[2024.0,1055.5],[2019.5,1055.0],[2014.0,1054.5],[2010.0,1053.5],[2004.0,1053.5],[1998.0,1053.5],[1995.0,1053.5],[1989.0,1053.5],[1985.0,1051.5],[1981.0,1050.5],[1976.0,1049.5],[1971.0,1049.5],[1966.0,1048.5],[1961.5,1047.0],[1957.5,1046.0],[1952.0,1045.5],[1947.0,1045.5],[1941.0,1045.5],[1936.0,1044.5],[1931.0,1044.5],[1926.0,1043.5],[1921.0,1043.5],[1916.5,1044.0],[1912.0,1044.5],[1907.0,1044.5],[1901.0,1044.5],[1895.0,1044.5],[1890.0,1044.5],[1886.0,1042.5],[1882.0,1041.5],[1877.0,1040.5],[1872.0,1041.5],[1867.0,1041.5],[1861.0,1041.5],[1856.0,1041.5],[1850.0,1041.5],[1845.0,1040.5],[1840.0,1040.5],[1835.0,1041.5],[1830.0,1041.5],[1824.0,1041.5],[1818.0,1041.5],[1814.0,1040.5],[1808.0,1040.5],[1803.0,1039.5],[1798.0,1039.5],[1793.0,1038.5],[1788.0,1038.5],[1783.0,1039.5],[1778.0,1038.5],[1774.0,1039.5],[1768.5,1040.0],[1765.0,1041.5],[1759.0,1041.5],[1754.0,1042.5],[1750.0,1041.5],[1744.0,1041.5],[1739.0,1041.5],[1734.0,1040.5],[1728.0,1040.5],[1723.5,1041.0],[1718.0,1041.5],[1714.0,1043.5],[1709.0,1043.5],[1704.0,1042.5],[1700.0,1041.5],[1695.0,1042.5],[1689.5,1043.0],[1685.0,1043.5],[1679.0,1043.5],[1674.5,1043.0],[1670.0,1043.5],[1664.0,1043.5],[1659.0,1043.5],[1653.0,1043.5],[1648.0,1043.5],[1643.0,1042.5],[1638.0,1041.5],[1634.0,1040.5],[1628.0,1040.5],[1622.0,1040.5],[1617.5,1041.0],[1613.0,1042.5],[1608.5,1043.0],[1603.0,1043.5],[1597.0,1043.5],[1593.0,1044.5],[1587.0,1044.5],[1582.0,1044.5],[1576.0,1044.5],[1571.0,1043.5],[1567.0,1044.5],[1562.0,1043.5],[1556.0,1043.5],[1551.0,1043.5],[1546.0,1044.5],[1541.0,1044.5],[1536.5,1044.0],[1531.0,1044.5],[1526.5,1045.0],[1521.0,1045.5],[1516.0,1045.5],[1511.0,1046.5],[1505.0,1046.5],[1500.0,1046.5],[1494.0,1046.5],[1490.0,1047.5],[1485.0,1048.5],[1480.0,1049.5],[1475.0,1049.5],[1469.0,1049.5],[1463.0,1049.5],[1459.0,1048.5],[1453.0,1048.5],[1448.0,1048.5],[1442.0,1048.5],[1438.0,1050.5],[1433.0,1050.5],[1428.0,1049.5],[1423.0,1049.5],[1417.0,1049.5],[1412.0,1050.5],[1407.0,1050.5],[1402.0,1051.5],[1397.0,1051.5],[1391.0,1051.5],[1386.0,1050.5],[1381.0,1050.5],[1375.0,1050.5],[1369.0,1050.5],[1364.0,1050.5],[1358.0,1050.5],[1353.0,1050.5],[1347.0,1050.5],[1342.0,1049.5],[1337.0,1049.5],[1331.0,1049.5],[1326.0,1049.5],[1320.0,1049.5],[1314.0,1049.5],[1310.0,1050.5],[1305.0,1051.5],[1300.0,1051.5],[1294.0,1051.5],[1289.0,1052.5],[1284.0,1052.5],[1279.0,1053.5],[1274.0,1054.5],[1271.5,1057.0],[1267.5,1059.0],[1265.0,1061.5],[1262.5,1065.0],[1259.0,1067.5],[1256.0,1069.5],[1252.0,1071.5],[1249.0,1073.5],[1245.0,1075.5],[1240.0,1076.5],[1236.0,1077.5],[1232.0,1079.5],[1226.5,1080.0]]",243048.45545387,431210.0746727,70.74516106,,,,,3.0311155684,원본사진/DJI_20250702160658_0900_V.JPG,"[""512원본타일/DJI_20250702160658_0900_V__x01536_y00512.png"",""512원본타일/DJI_20250702160658_0900_V__x01024_y00512.png"",""512원본타일/DJI_20250702160658_0900_V__x02048_y00512.png"",""512원본타일/DJI_20250702160658_0900_V__x01024_y01024.png"",""512원본타일/DJI_20250702160658_0900_V__x01536_y01024.png"",""512원본타일/DJI_20250702160658_0900_V__x02048_y01024.png""]","[""512라벨오버레이/DJI_20250702160658_0900_V__x01536_y00512.png"",""512라벨오버레이/DJI_20250702160658_0900_V__x01024_y00512.png"",""512라벨오버레이/DJI_20250702160658_0900_V__x02048_y00512.png"",""512라벨오버레이/DJI_20250702160658_0900_V__x01024_y01024.png"",""512라벨오버레이/DJI_20250702160658_0900_V__x01536_y01024.png"",""512라벨오버레이/DJI_20250702160658_0900_V__x02048_y01024.png""]"
DJI_20250702160658_0900_V.JPG,D000234,DLM,박리,"[[1058.5,1387.0],[1059.0,1387.5],[1060.0,1387.5],[1061.0,1388.5],[1061.5,1389.0],[1061.5,1391.0],[1062.0,1391.5],[1062.5,1392.0],[1062.5,1394.0],[1062.5,1395.0],[1063.5,1396.0],[1063.5,1397.0],[1064.5,1398.0],[1064.5,1399.0],[1064.5,1400.0],[1065.5,1401.0],[1065.5,1402.0],[1066.5,1403.0],[1066.5,1404.0],[1066.5,1405.0],[1067.5,1406.0],[1067.5,1407.0],[1068.0,1408.5],[1068.5,1409.0],[1068.5,1411.0],[1069.0,1411.5],[1069.5,1412.0],[1069.5,1414.0],[1070.0,1414.5],[1070.5,1416.0],[1071.0,1416.5],[1072.0,1417.5],[1072.5,1418.0],[1073.0,1418.5],[1074.0,1419.5],[1075.0,1419.5],[1076.0,1420.5],[1076.5,1421.0],[1077.0,1421.5],[1078.5,1422.0],[1079.0,1422.5],[1081.0,1422.5],[1081.5,1423.0],[1083.0,1423.5],[1083.5,1424.0],[1084.0,1424.5],[1085.0,1425.5],[1086.0,1425.5],[1087.5,1426.0],[1088.0,1426.5],[1089.0,1426.5],[1091.0,1426.5],[1091.5,1427.0],[1093.0,1427.5],[1094.0,1427.5],[1096.0,1427.5],[1097.0,1427.5],[1098.0,1427.5],[1100.0,1427.5],[1101.0,1427.5],[1103.0,1427.5],[1104.0,1427.5],[1105.5,1428.0],[1106.0,1428.5],[1107.0,1428.5],[1109.0,1428.5],[1110.0,1428.5],[1112.0,1428.5],[1113.0,1428.5],[1114.0,1428.5],[1116.0,1428.5],[1117.0,1428.5],[1118.5,1428.0],[1119.0,1427.5],[1121.0,1427.5],[1122.0,1427.5],[1123.0,1427.5],[1125.0,1427.5],[1126.0,1427.5],[1128.0,1427.5],[1129.0,1427.5],[1129.5,1427.0],[1131.0,1426.5],[1132.0,1426.5],[1134.0,1426.5],[1135.0,1426.5],[1137.0,1426.5],[1138.0,1426.5],[1139.0,1426.5],[1141.0,1426.5],[1141.5,1426.0],[1143.0,1425.5],[1144.0,1425.5],[1146.0,1425.5],[1147.0,1425.5],[1148.0,1425.5],[1150.0,1425.5],[1151.0,1425.5],[1153.0,1425.5],[1154.0,1425.5],[1155.0,1425.5],[1157.0,1425.5],[1158.0,1425.5],[1160.0,1425.5],[1161.0,1425.5],[1162.5,1426.0],[1163.0,1426.5],[1164.0,1426.5],[1166.0,1426.5],[1167.0,1426.5],[1169.0,1426.5],[1170.0,1426.5],[1171.0,1426.5],[1173.0,1426.5],[1174.0,1426.5],[1175.0,1425.5],[1176.0,1425.5],[1178.0,1425.5],[1179.0,1425.5],[1180.0,1425.5],[1182.0,1425.5],[1183.0,1425.5],[1185.0,1425.5],[1186.0,1425.5],[1188.0,1425.5],[1189.0,1425.5],[1189.5,1426.0],[1191.0,1426.5],[1192.0,1426.5],[1194.0,1426.5],[1195.0,1426.5],[1196.0,1426.5],[1197.0,1427.5],[1198.0,1427.5],[1199.5,1427.0],[1200.0,1426.5],[1202.0,1426.5],[1203.0,1426.5],[1204.0,1426.5],[1205.0,1425.5],[1205.5,1425.0],[1206.0,1423.5],[1206.5,1423.0],[1207.0,1421.5],[1207.5,1421.0],[1208.0,1420.5],[1209.0,1419.5],[1209.5,1419.0],[1210.5,1418.0],[1211.0,1417.5],[1211.5,1417.0],[1212.0,1415.5],[1212.5,1415.0],[1213.5,1414.0],[1213.5,1413.0],[1215.0,1412.5],[1216.0,1412.5],[1216.5,1412.0],[1217.5,1411.0],[1218.0,1410.5],[1219.5,1410.0],[1220.0,1409.5],[1220.5,1409.0],[1222.0,1408.5],[1223.0,1408.5],[1224.5,1408.0],[1225.0,1407.5],[1227.0,1407.5],[1228.0,1407.5],[1229.0,1407.5],[1230.5,1407.0],[1231.0,1406.5],[1233.0,1406.5],[1233.5,1406.0],[1235.0,1405.5],[1236.0,1405.5],[1237.0,1405.5],[1239.0,1405.5],[1240.0,1405.5],[1242.0,1405.5],[1243.0,1405.5],[1244.0,1405.5],[1246.0,1405.5],[1247.0,1405.5],[1249.0,1405.5],[1250.0,1405.5],[1252.0,1405.5],[1253.0,1405.5],[1254.0,1405.5],[1256.0,1405.5],[1257.0,1405.5],[1259.0,1405.5],[1260.0,1405.5],[1261.0,1405.5],[1262.0,1406.5],[1263.0,1406.5],[1265.0,1406.5],[1265.5,1407.0],[1267.0,1407.5],[1268.0,1407.5],[1269.0,1407.5],[1271.0,1407.5],[1272.0,1407.5],[1273.5,1408.0],[1274.0,1408.5],[1275.0,1407.5],[1276.0,1407.5],[1277.0,1407.5],[1278.5,1407.0],[1279.0,1406.5],[1281.0,1406.5],[1281.5,1406.0],[1282.0,1405.5],[1284.0,1405.5],[1284.5,1405.0],[1286.0,1404.5],[1286.5,1404.0],[1287.5,1403.0],[1288.0,1402.5],[1289.0,1402.5],[1290.0,1401.5],[1291.0,1401.5],[1293.0,1401.5],[1294.0,1401.5],[1295.0,1401.5],[1297.0,1401.5],[1298.0,1401.5],[1300.0,1401.5],[1300.5,1401.0],[1302.0,1400.5],[1303.0,1400.5],[1304.0,1400.5],[1306.0,1400.5],[1307.0,1400.5],[1309.0,1400.5],[1310.0,1400.5],[1311.0,1399.5],[1312.0,1399.5],[1313.0,1399.5],[1314.0,1398.5],[1315.0,1398.5],[1317.0,1398.5],[1318.0,1398.5],[1318.5,1398.0],[1320.0,1397.5],[1321.0,1397.5],[1323.0,1397.5],[1324.0,1397.5],[1325.5,1398.0],[1326.0,1398.5],[1326.5,1399.0],[1326.5,1401.0],[1327.0,1401.5],[1327.5,1403.0],[1328.0,1403.5],[1329.0,1404.5]]",243046.74003696,431211.51860809,69.19306469,,,,,0.6090737757,원본사진/DJI_20250702160658_0900_V.JPG,"[""512원본타일/DJI_20250702160658_0900_V__x01024_y01024.png"",""512원본타일/DJI_20250702160658_0900_V__x00512_y01024.png"",""512원본타일/DJI_20250702160658_0900_V__x00512_y01536.png"",""512원본타일/DJI_20250702160658_0900_V__x01024_y01536.png""]","[""512라벨오버레이/DJI_20250702160658_0900_V__x01024_y01024.png"",""512라벨오버레이/DJI_20250702160658_0900_V__x00512_y01024.png"",""512라벨오버레이/DJI_20250702160658_0900_V__x00512_y01536.png"",""512라벨오버레이/DJI_20250702160658_0900_V__x01024_y01536.png""]"
DJI_20250702165251_0480_V.JPG,D000284,DLM,박리,"[[3193.0,1640.5],[3193.5,1640.0],[3193.5,1639.0],[3193.5,1638.0],[3193.5,1637.0],[3193.5,1636.0],[3193.5,1635.0],[3193.5,1634.0],[3193.5,1633.0],[3193.5,1632.0],[3193.5,1631.0],[3193.5,1630.0],[3193.5,1629.0],[3193.5,1628.0],[3193.5,1627.0],[3193.5,1626.0],[3193.5,1625.0],[3193.5,1624.0],[3193.5,1623.0],[3193.5,1622.0],[3193.5,1621.0],[3193.5,1620.0],[3193.5,1619.0],[3193.5,1618.0],[3193.5,1617.0],[3193.5,1616.0],[3193.5,1615.0],[3193.5,1614.0],[3193.5,1613.0],[3193.5,1612.0],[3193.5,1611.0],[3193.5,1610.0],[3193.5,1609.0],[3193.5,1608.0],[3193.5,1607.0],[3193.5,1606.0],[3193.5,1605.0],[3193.5,1604.0],[3193.5,1603.0],[3193.5,1602.0],[3193.5,1601.0],[3193.5,1600.0],[3193.5,1599.0],[3193.5,1598.0],[3193.5,1597.0],[3194.0,1596.5],[3194.5,1596.0],[3195.0,1595.5],[3195.5,1595.0],[3196.0,1594.5],[3197.0,1594.5],[3198.0,1594.5],[3199.0,1594.5],[3199.5,1594.0],[3200.0,1593.5],[3201.0,1593.5],[3202.0,1593.5],[3203.0,1593.5],[3204.0,1593.5],[3205.0,1593.5],[3206.0,1593.5],[3207.0,1593.5],[3208.0,1593.5],[3208.5,1593.0]]",243071.21595192,431201.40242004,95.63257027,,,,,0.0208319376,원본사진/DJI_20250702165251_0480_V.JPG,"[""512원본타일/DJI_20250702165251_0480_V__x03072_y01536.png""]","[""512라벨오버레이/DJI_20250702165251_0480_V__x03072_y01536.png""]"
DJI_20260826093331_0020_V.JPG,D000302,DLM,박리,"[[3004.5,2459.0],[3005.0,2459.5],[3006.0,2459.5],[3006.5,2460.0],[3007.0,2460.5],[3008.0,2460.5],[3008.5,2461.0],[3009.0,2461.5],[3010.0,2461.5],[3010.5,2462.0],[3011.0,2462.5],[3012.0,2462.5],[3012.5,2463.0],[3013.0,2463.5],[3014.0,2463.5],[3015.0,2463.5],[3015.5,2464.0],[3016.0,2464.5],[3017.0,2464.5],[3018.0,2464.5],[3018.5,2465.0],[3019.0,2465.5],[3020.0,2465.5],[3021.0,2465.5],[3022.0,2465.5],[3022.5,2466.0],[3023.0,2466.5],[3024.0,2466.5],[3025.0,2466.5],[3026.0,2466.5],[3027.0,2466.5],[3028.0,2466.5],[3029.0,2466.5],[3030.0,2466.5],[3031.0,2466.5],[3032.0,2466.5],[3033.0,2466.5],[3034.0,2466.5],[3035.0,2466.5],[3036.0,2466.5],[3037.0,2466.5],[3038.0,2466.5],[3039.0,2466.5],[3040.0,2466.5],[3041.0,2466.5],[3042.0,2466.5],[3042.5,2467.0],[3043.0,2467.5],[3044.0,2467.5],[3045.0,2467.5],[3046.0,2467.5],[3046.5,2468.0],[3047.0,2468.5],[3048.0,2468.5],[3048.5,2469.0],[3049.0,2469.5],[3050.0,2469.5],[3051.0,2469.5],[3051.5,2470.0],[3052.0,2470.5],[3053.0,2470.5],[3053.5,2471.0],[3054.0,2471.5],[3055.0,2471.5],[3056.0,2471.5],[3056.5,2472.0],[3057.0,2472.5],[3058.0,2472.5],[3059.0,2472.5],[3059.5,2473.0],[3060.0,2473.5],[3061.0,2473.5],[3062.0,2473.5],[3062.5,2474.0],[3063.0,2474.5],[3064.0,2474.5],[3064.5,2475.0],[3065.0,2475.5],[3066.0,2475.5],[3066.5,2476.0],[3067.0,2476.5],[3068.0,2476.5],[3069.0,2476.5],[3069.5,2477.0],[3070.0,2477.5],[3071.0,2477.5],[3072.0,2477.5],[3073.0,2477.5],[3073.5,2478.0],[3074.0,2478.5],[3075.0,2478.5],[3076.0,2478.5],[3077.0,2478.5],[3078.0,2478.5],[3078.5,2479.0],[3079.0,2479.5],[3080.0,2479.5],[3081.0,2479.5],[3082.0,2479.5],[3083.0,2479.5],[3084.0,2479.5],[3085.0,2479.5],[3086.0,2479.5],[3087.0,2479.5],[3088.0,2479.5],[3089.0,2479.5],[3090.0,2479.5],[3091.0,2479.5],[3091.5,2480.0],[3092.0,2480.5],[3093.0,2480.5],[3094.0,2480.5],[3094.5,2480.0],[3095.0,2479.5],[3096.0,2479.5],[3097.0,2479.5],[3098.0,2479.5],[3098.5,2479.0],[3099.0,2478.5],[3100.0,2478.5],[3101.0,2478.5],[3101.5,2478.0],[3102.0,2477.5],[3103.0,2477.5],[3104.0,2477.5],[3105.0,2477.5],[3105.5,2477.0],[3106.0,2476.5],[3107.0,2476.5],[3108.0,2476.5],[3108.5,2476.0],[3109.0,2475.5],[3110.0,2475.5],[3111.0,2475.5],[3111.5,2475.0],[3112.0,2474.5],[3113.0,2474.5],[3114.0,2474.5],[3115.0,2474.5],[3115.5,2474.0],[3116.0,2473.5],[3117.0,2473.5],[3118.0,2473.5],[3118.5,2473.0],[3119.0,2472.5],[3120.0,2472.5],[3120.5,2472.0],[3121.0,2471.5],[3121.5,2471.0],[3122.0,2470.5],[3123.0,2470.5],[3124.0,2470.5],[3124.5,2470.0],[3125.0,2469.5],[3126.0,2469.5],[3127.0,2469.5],[3128.0,2469.5],[3129.0,2469.5],[3130.0,2469.5],[3131.0,2469.5],[3132.0,2469.5],[3133.0,2469.5],[3134.0,2469.5],[3135.0,2469.5],[3136.0,2469.5],[3137.0,2469.5],[3138.0,2469.5],[3139.0,2469.5],[3140.0,2469.5],[3141.0,2469.5],[3141.5,2470.0],[3142.0,2470.5],[3143.0,2470.5],[3144.0,2470.5],[3145.0,2470.5],[3146.0,2470.5],[3146.5,2471.0],[3147.0,2471.5],[3148.0,2471.5],[3149.0,2471.5],[3149.5,2472.0],[3150.0,2472.5],[3151.0,2472.5],[3152.0,2472.5],[3152.5,2473.0],[3153.0,2473.5],[3154.0,2473.5],[3155.0,2473.5],[3155.5,2474.0],[3156.0,2474.5],[3157.0,2474.5],[3157.5,2475.0],[3158.0,2475.5],[3158.5,2476.0],[3159.0,2476.5],[3159.5,2477.0],[3160.0,2477.5],[3160.5,2478.0],[3161.0,2478.5],[3161.5,2479.0],[3161.5,2480.0],[3162.0,2480.5],[3162.5,2481.0],[3162.5,2482.0],[3162.5,2483.0],[3163.0,2483.5],[3163.5,2484.0],[3163.5,2485.0],[3163.5,2486.0],[3164.0,2486.5]]",243112.54077148,431090.98726654,106.18024445,,,,,0.0070543313,원본사진/DJI_20260826093331_0020_V.JPG,"[""512원본타일/DJI_20260826093331_0020_V__x03072_y02048.png"",""512원본타일/DJI_20260826093331_0020_V__x02560_y02048.png"",""512원본타일/DJI_20260826093331_0020_V__x03072_y02560.png""]","[""512라벨오버레이/DJI_20260826093331_0020_V__x03072_y02048.png"",""512라벨오버레이/DJI_20260826093331_0020_V__x02560_y02048.png"",""512라벨오버레이/DJI_20260826093331_0020_V__x03072_y02560.png""]"
DJI_20260826093331_0020_V.JPG,D000303,DLM,박리,"[[68.5,2584.0],[68.0,2583.5],[67.0,2583.5],[66.0,2583.5],[65.0,2583.5],[64.0,2583.5],[63.0,2583.5],[62.0,2583.5],[61.0,2583.5],[60.5,2583.0],[60.0,2582.5],[59.0,2582.5],[58.0,2582.5],[57.0,2582.5],[56.0,2582.5],[55.0,2582.5],[54.0,2582.5],[53.0,2582.5],[52.0,2582.5],[51.0,2582.5],[50.0,2582.5],[49.0,2582.5],[48.0,2582.5],[47.0,2582.5],[46.0,2582.5],[45.0,2582.5],[44.0,2582.5],[43.0,2582.5],[42.0,2582.5],[41.0,2582.5],[40.5,2582.0],[40.0,2581.5],[39.0,2581.5],[38.0,2581.5],[37.0,2581.5],[36.0,2581.5],[35.5,2581.0],[35.0,2580.5],[34.0,2580.5],[33.0,2580.5],[32.5,2580.0],[32.0,2579.5],[31.0,2579.5],[30.0,2579.5],[29.5,2579.0],[29.0,2578.5],[28.0,2578.5],[27.0,2578.5],[26.5,2578.0],[26.0,2577.5],[25.0,2577.5],[24.0,2577.5],[23.5,2577.0],[23.0,2576.5],[22.0,2576.5],[21.5,2576.0],[21.0,2575.5],[20.0,2575.5],[19.0,2575.5],[18.5,2575.0],[18.0,2574.5],[17.0,2574.5],[16.5,2574.0],[16.0,2573.5],[15.0,2573.5],[14.5,2573.0],[14.0,2572.5],[13.5,2572.0],[13.0,2571.5],[12.5,2571.0],[12.0,2570.5],[11.0,2570.5],[10.5,2570.0],[10.0,2569.5],[9.0,2569.5],[8.5,2569.0],[8.0,2568.5],[7.5,2568.0],[7.0,2567.5],[6.5,2567.0],[6.5,2566.0],[6.0,2565.5],[5.5,2565.0],[5.5,2564.0],[5.0,2563.5],[4.5,2563.0],[4.0,2562.5],[3.0,2562.5]]",243111.93799591,431092.72842407,106.15715218,,,,,0.0008692121,원본사진/DJI_20260826093331_0020_V.JPG,"[""512원본타일/DJI_20260826093331_0020_V__x00000_y02560.png""]","[""512라벨오버레이/DJI_20260826093331_0020_V__x00000_y02560.png""]"
DJI_20260826094118_0100_V.JPG,D000317,DLM,박리,"[[3009.0,367.5],[3009.5,367.0],[3009.5,366.0],[3009.5,365.0],[3010.0,364.5],[3010.5,364.0],[3010.5,363.0],[3010.5,362.0],[3010.5,361.0],[3010.5,360.0],[3010.5,359.0],[3010.5,358.0],[3010.5,357.0],[3010.5,356.0],[3010.5,355.0],[3010.5,354.0],[3010.5,353.0],[3010.5,352.0],[3011.0,351.5],[3011.5,351.0],[3011.5,350.0],[3011.5,349.0],[3011.5,348.0],[3011.5,347.0],[3011.5,346.0],[3011.5,345.0],[3011.5,344.0],[3011.5,343.0],[3011.5,342.0],[3011.5,341.0],[3011.5,340.0],[3011.5,339.0],[3011.5,338.0],[3011.5,337.0],[3011.5,336.0],[3011.5,335.0],[3011.5,334.0],[3011.5,333.0],[3011.5,332.0],[3011.5,331.0],[3011.0,330.5],[3010.5,330.0],[3010.5,329.0],[3010.5,328.0],[3010.5,327.0],[3010.5,326.0],[3010.5,325.0],[3011.0,324.5],[3011.5,324.0],[3011.5,323.0],[3012.0,322.5],[3013.0,322.5],[3014.0,322.5],[3014.5,323.0],[3015.0,323.5],[3015.5,324.0],[3016.0,324.5],[3016.5,325.0],[3016.5,326.0],[3016.5,327.0],[3017.0,327.5],[3017.5,328.0],[3017.5,329.0],[3017.5,330.0],[3018.0,330.5],[3018.5,331.0],[3018.5,332.0],[3019.0,332.5],[3019.5,333.0],[3019.5,334.0],[3020.0,334.5],[3020.5,335.0],[3020.5,336.0],[3021.0,336.5],[3021.5,337.0],[3022.0,337.5],[3022.5,338.0],[3022.5,339.0],[3023.0,339.5],[3023.5,340.0],[3023.5,341.0],[3024.0,341.5],[3024.5,342.0],[3024.5,343.0],[3025.0,343.5],[3025.5,344.0],[3026.0,344.5],[3026.5,345.0],[3027.0,345.5],[3028.0,345.5],[3029.0,345.5],[3030.0,345.5],[3031.0,345.5],[3032.0,345.5],[3033.0,345.5],[3033.5,346.0],[3034.0,346.5],[3034.5,347.0],[3035.0,347.5],[3036.0,347.5],[3037.0,347.5],[3037.5,347.0],[3037.5,346.0],[3037.0,345.5],[3036.5,345.0],[3036.5,344.0],[3036.5,343.0],[3037.0,342.5],[3037.5,342.0],[3037.5,341.0],[3038.0,340.5],[3038.5,340.0],[3038.5,339.0],[3039.0,338.5],[3039.5,338.0],[3040.0,337.5],[3040.5,337.0],[3041.0,336.5],[3042.0,336.5],[3042.5,336.0],[3042.5,335.0],[3043.0,334.5],[3043.5,334.0],[3043.5,333.0],[3044.0,332.5],[3044.5,332.0],[3045.0,331.5],[3045.5,331.0],[3046.0,330.5],[3046.5,330.0],[3047.0,329.5],[3047.5,329.0],[3048.0,328.5],[3048.5,328.0],[3048.5,327.0],[3049.0,326.5],[3049.5,326.0],[3050.0,325.5],[3050.5,325.0],[3051.0,324.5],[3051.5,324.0],[3052.0,323.5],[3052.5,323.0],[3052.5,322.0],[3053.0,321.5],[3053.5,321.0],[3054.0,320.5],[3054.5,320.0],[3055.0,319.5],[3055.5,319.0],[3056.0,318.5],[3057.0,318.5],[3057.5,318.0],[3058.0,317.5],[3058.5,317.0],[3059.0,316.5],[3060.0,316.5],[3060.5,316.0],[3061.0,315.5],[3062.0,315.5],[3062.5,315.0],[3063.0,314.5],[3063.5,314.0],[3064.0,313.5],[3064.5,313.0],[3065.0,312.5],[3065.5,312.0]]",243109.72174835,431099.52719116,107.40048218,,,,,0.0008420357,원본사진/DJI_20260826094118_0100_V.JPG,"[""512원본타일/DJI_20260826094118_0100_V__x02560_y00000.png"",""512원본타일/DJI_20260826094118_0100_V__x03072_y00000.png""]","[""512라벨오버레이/DJI_20260826094118_0100_V__x02560_y00000.png"",""512라벨오버레이/DJI_20260826094118_0100_V__x03072_y00000.png""]"
DJI_20260826094118_0100_V.JPG,D000318,DLM,박리,"[[2889.5,404.0],[2889.0,403.5],[2888.0,403.5],[2887.5,403.0],[2887.0,402.5],[2886.0,402.5],[2885.5,402.0],[2885.0,401.5],[2884.5,401.0],[2884.5,400.0],[2884.0,399.5],[2883.5,399.0],[2883.5,398.0],[2883.0,397.5],[2882.5,397.0],[2882.5,396.0],[2882.0,395.5],[2881.5,395.0],[2881.0,394.5],[2880.5,394.0],[2880.5,393.0],[2880.0,392.5],[2879.5,392.0],[2879.5,391.0],[2879.0,390.5],[2878.5,390.0],[2878.5,389.0],[2878.0,388.5],[2877.5,388.0],[2877.5,387.0],[2877.5,386.0],[2877.0,385.5],[2876.5,385.0],[2876.5,384.0],[2876.5,383.0],[2876.5,382.0],[2876.0,381.5],[2875.5,381.0],[2875.5,380.0],[2875.5,379.0],[2875.5,378.0],[2875.5,377.0],[2875.5,376.0],[2875.0,375.5],[2874.5,375.0],[2874.5,374.0],[2874.5,373.0],[2874.5,372.0],[2874.0,371.5],[2873.5,371.0],[2873.0,370.5],[2872.5,370.0],[2872.5,369.0],[2872.0,368.5],[2871.5,368.0],[2871.0,367.5],[2870.5,367.0],[2870.0,366.5],[2869.5,366.0],[2869.0,365.5],[2868.0,365.5],[2867.5,365.0],[2867.0,364.5],[2866.0,364.5],[2865.5,364.0],[2865.0,363.5],[2864.5,363.0],[2864.0,362.5],[2863.0,362.5],[2862.5,362.0],[2862.0,361.5],[2861.0,361.5],[2860.5,361.0],[2860.0,360.5],[2859.0,360.5],[2858.5,360.0],[2858.0,359.5],[2857.0,359.5],[2856.5,359.0],[2856.0,358.5],[2855.0,358.5],[2854.5,358.0],[2854.0,357.5],[2853.0,357.5],[2852.5,357.0],[2852.0,356.5],[2851.0,356.5],[2850.5,356.0],[2850.0,355.5],[2849.0,355.5],[2848.5,355.0],[2848.0,354.5],[2847.0,354.5],[2846.5,354.0],[2846.0,353.5],[2845.0,353.5],[2844.5,353.0],[2844.0,352.5],[2843.0,352.5],[2842.5,352.0],[2842.0,351.5],[2841.0,351.5],[2840.5,351.0],[2840.0,350.5],[2839.0,350.5],[2838.5,350.0],[2838.0,349.5],[2837.0,349.5],[2836.5,349.0],[2836.0,348.5],[2835.0,348.5],[2834.5,348.0],[2834.0,347.5],[2833.0,347.5],[2832.0,347.5],[2831.5,347.0],[2831.5,346.0],[2831.5,345.0],[2831.0,344.5]]",243109.74621964,431099.5847168,107.4198494,,,,,0.0003468186,원본사진/DJI_20260826094118_0100_V.JPG,"[""512원본타일/DJI_20260826094118_0100_V__x02560_y00000.png""]","[""512라벨오버레이/DJI_20260826094118_0100_V__x02560_y00000.png""]"
DJI_20260826094118_0100_V.JPG,D000319,DLM,박리,"[[3056.5,3100.0],[3057.0,3100.5],[3058.0,3100.5],[3059.0,3101.5],[3060.0,3101.5],[3061.0,3102.5],[3061.5,3103.0],[3062.5,3104.0],[3062.5,3105.0],[3063.5,3106.0],[3064.0,3106.5],[3065.0,3107.5],[3065.5,3108.0],[3066.0,3109.5],[3066.5,3110.0],[3067.5,3111.0],[3068.0,3111.5],[3069.0,3112.5],[3070.0,3112.5],[3071.0,3113.5],[3071.5,3114.0],[3072.0,3114.5],[3073.5,3115.0],[3074.0,3115.5],[3075.0,3116.5],[3076.0,3116.5],[3077.0,3117.5],[3077.5,3118.0],[3079.0,3118.5],[3079.5,3119.0],[3081.0,3119.5],[3081.5,3120.0],[3083.0,3120.5],[3084.0,3120.5],[3086.0,3120.5],[3087.0,3120.5],[3088.5,3120.0],[3089.0,3119.5],[3091.0,3119.5],[3092.0,3119.5],[3093.0,3119.5],[3095.0,3119.5],[3096.0,3119.5],[3097.0,3118.5],[3098.0,3118.5],[3100.0,3118.5],[3100.5,3118.0],[3102.0,3117.5],[3103.0,3117.5],[3105.0,3117.5],[3106.0,3117.5],[3107.0,3116.5],[3108.0,3116.5],[3109.5,3116.0],[3110.0,3115.5],[3112.0,3115.5],[3113.0,3115.5],[3115.0,3115.5],[3116.0,3115.5],[3117.0,3115.5],[3119.0,3115.5],[3119.5,3116.0],[3121.0,3116.5],[3121.5,3117.0],[3123.0,3117.5],[3123.5,3118.0],[3125.0,3118.5],[3126.0,3118.5],[3127.0,3119.5],[3128.0,3119.5],[3129.0,3120.5],[3130.0,3120.5],[3131.0,3121.5],[3132.0,3121.5],[3133.5,3122.0],[3134.0,3122.5],[3135.5,3123.0],[3136.0,3123.5],[3137.5,3124.0],[3138.0,3124.5],[3139.0,3124.5],[3140.5,3125.0],[3141.0,3125.5],[3142.5,3126.0],[3143.0,3126.5],[3144.5,3127.0],[3145.0,3127.5],[3147.0,3127.5],[3147.5,3128.0],[3149.0,3128.5],[3149.5,3129.0],[3151.0,3129.5],[3151.5,3130.0],[3153.0,3130.5],[3154.0,3130.5],[3155.5,3131.0],[3156.0,3131.5],[3158.0,3131.5],[3159.0,3131.5],[3160.0,3131.5],[3161.5,3131.0],[3162.0,3130.5],[3164.0,3130.5],[3165.0,3130.5],[3167.0,3130.5],[3167.5,3131.0],[3169.0,3131.5],[3170.0,3131.5],[3172.0,3131.5],[3172.5,3132.0],[3174.0,3132.5],[3175.0,3132.5],[3176.5,3133.0],[3177.0,3133.5],[3179.0,3133.5],[3179.5,3134.0],[3181.0,3134.5],[3182.0,3134.5],[3183.0,3134.5],[3184.5,3135.0],[3185.0,3135.5],[3187.0,3135.5],[3187.5,3136.0],[3189.0,3136.5],[3190.0,3136.5],[3191.0,3137.5],[3192.0,3137.5],[3193.0,3138.5],[3194.0,3138.5],[3195.5,3139.0],[3196.0,3139.5],[3198.0,3139.5],[3199.0,3139.5],[3200.5,3140.0],[3201.0,3140.5],[3203.0,3140.5],[3203.5,3141.0],[3205.0,3141.5],[3206.0,3141.5],[3206.5,3142.0],[3208.0,3142.5],[3209.0,3142.5],[3210.0,3143.5],[3211.0,3143.5],[3212.0,3144.5],[3213.0,3144.5],[3214.0,3145.5],[3215.0,3145.5],[3216.5,3146.0],[3217.0,3146.5],[3218.0,3147.5],[3218.5,3148.0],[3219.5,3149.0],[3220.0,3149.5],[3221.0,3150.5],[3222.0,3150.5],[3223.0,3151.5],[3223.5,3152.0],[3224.0,3152.5],[3225.0,3153.5],[3226.0,3153.5],[3227.0,3154.5],[3228.0,3154.5],[3229.0,3155.5],[3230.0,3155.5],[3231.0,3156.5],[3232.0,3156.5],[3234.0,3156.5],[3234.5,3157.0],[3236.0,3157.5],[3237.0,3157.5],[3238.5,3158.0],[3239.0,3158.5],[3241.0,3158.5],[3242.0,3158.5],[3243.0,3159.5],[3244.0,3159.5],[3245.0,3159.5],[3246.5,3160.0],[3247.0,3160.5],[3249.0,3160.5],[3250.0,3160.5],[3252.0,3160.5],[3253.0,3160.5],[3254.0,3159.5],[3255.0,3159.5],[3257.0,3159.5],[3258.0,3159.5],[3259.0,3158.5],[3260.0,3158.5],[3261.5,3158.0],[3262.0,3157.5],[3264.0,3157.5],[3265.0,3157.5],[3266.5,3157.0],[3267.0,3156.5],[3269.0,3156.5],[3270.0,3156.5],[3271.0,3156.5],[3273.0,3156.5],[3273.5,3156.0],[3275.0,3155.5],[3275.5,3155.0],[3277.0,3154.5],[3278.0,3154.5],[3279.0,3153.5],[3280.0,3153.5],[3280.5,3152.0],[3281.0,3151.5],[3282.0,3150.5],[3282.5,3150.0],[3284.0,3149.5],[3285.0,3149.5],[3286.0,3150.5],[3287.0,3150.5],[3289.0,3150.5],[3290.0,3150.5],[3291.0,3150.5],[3292.5,3151.0],[3293.0,3151.5],[3294.5,3152.0],[3295.0,3152.5],[3297.0,3152.5],[3298.0,3152.5],[3299.0,3153.5],[3300.0,3153.5],[3300.5,3155.0],[3301.0,3155.5],[3301.5,3157.0],[3301.5,3158.0],[3301.5,3160.0],[3301.5,3161.0],[3302.5,3162.0],[3302.5,3163.0],[3302.5,3165.0],[3302.5,3166.0],[3302.5,3167.0],[3302.5,3169.0],[3303.0,3169.5],[3303.5,3171.0],[3303.5,3172.0],[3303.5,3174.0],[3303.5,3175.0],[3303.5,3177.0],[3303.5,3178.0],[3303.5,3180.0],[3303.5,3181.0],[3304.5,3182.0],[3304.5,3183.0],[3305.0,3184.5],[3305.5,3185.0],[3307.0,3185.5],[3307.5,3186.0],[3308.0,3187.5],[3309.0,3187.5],[3310.0,3188.5]]",243109.68154526,431099.50684357,106.50304031,,,,,0.0066426307,원본사진/DJI_20260826094118_0100_V.JPG,"[""512원본타일/DJI_20260826094118_0100_V__x03072_y03072.png"",""512원본타일/DJI_20260826094118_0100_V__x02560_y03072.png""]","[""512라벨오버레이/DJI_20260826094118_0100_V__x03072_y03072.png"",""512라벨오버레이/DJI_20260826094118_0100_V__x02560_y03072.png""]"
DJI_20260826094118_0100_V.JPG,D000320,DLM,박리,"[[3508.5,3218.0],[3508.0,3217.5],[3507.0,3217.5],[3506.0,3217.5],[3505.0,3217.5],[3504.0,3217.5],[3503.0,3217.5],[3502.5,3217.0],[3502.0,3216.5],[3501.0,3216.5],[3500.0,3216.5],[3499.5,3216.0],[3499.0,3215.5],[3498.0,3215.5],[3497.5,3215.0],[3497.0,3214.5],[3496.0,3214.5],[3495.5,3214.0],[3495.0,3213.5],[3494.0,3213.5],[3493.5,3213.0],[3493.0,3212.5],[3492.0,3212.5],[3491.5,3212.0],[3491.0,3211.5],[3490.5,3211.0],[3490.0,3210.5],[3489.0,3210.5],[3488.5,3210.0],[3488.0,3209.5],[3487.0,3209.5],[3486.5,3209.0],[3486.0,3208.5],[3485.0,3208.5],[3484.5,3208.0],[3484.0,3207.5],[3483.0,3207.5],[3482.5,3207.0],[3482.0,3206.5],[3481.0,3206.5],[3480.0,3206.5],[3479.0,3206.5],[3478.5,3206.0],[3478.0,3205.5],[3477.0,3205.5],[3476.0,3205.5],[3475.0,3205.5],[3474.5,3205.0],[3474.0,3204.5],[3473.0,3204.5],[3472.0,3204.5],[3471.5,3204.0],[3471.0,3203.5],[3470.0,3203.5],[3469.0,3203.5],[3468.5,3203.0],[3468.0,3202.5],[3467.0,3202.5],[3466.0,3202.5],[3465.0,3202.5],[3464.0,3202.5],[3463.5,3202.0],[3463.0,3201.5],[3462.0,3201.5],[3461.0,3201.5],[3460.0,3201.5],[3459.0,3201.5],[3458.0,3201.5],[3457.0,3201.5],[3456.0,3201.5],[3455.0,3201.5],[3454.0,3201.5],[3453.0,3201.5],[3452.0,3201.5],[3451.0,3201.5],[3450.0,3201.5],[3449.0,3201.5],[3448.0,3201.5],[3447.0,3201.5],[3446.0,3201.5],[3445.0,3201.5],[3444.5,3202.0],[3444.0,3202.5],[3443.0,3202.5],[3442.0,3202.5],[3441.0,3202.5],[3440.0,3202.5],[3439.0,3202.5],[3438.0,3202.5],[3437.0,3202.5],[3436.0,3202.5],[3435.0,3202.5],[3434.0,3202.5],[3433.0,3202.5],[3432.0,3202.5],[3431.0,3202.5],[3430.0,3202.5],[3429.0,3202.5],[3428.0,3202.5],[3427.0,3202.5],[3426.0,3202.5],[3425.0,3202.5],[3424.0,3202.5],[3423.0,3202.5],[3422.0,3202.5],[3421.0,3202.5],[3420.0,3202.5],[3419.0,3202.5],[3418.0,3202.5],[3417.0,3202.5],[3416.0,3202.5],[3415.0,3202.5],[3414.0,3202.5],[3413.0,3202.5],[3412.0,3202.5],[3411.5,3202.0],[3411.0,3201.5],[3410.0,3201.5],[3409.0,3201.5],[3408.0,3201.5],[3407.0,3201.5],[3406.0,3201.5],[3405.0,3201.5],[3404.0,3201.5],[3403.0,3201.5],[3402.0,3201.5],[3401.0,3201.5],[3400.5,3201.0],[3400.0,3200.5],[3399.0,3200.5],[3398.0,3200.5],[3397.0,3200.5],[3396.5,3200.0],[3396.0,3199.5],[3395.0,3199.5],[3394.0,3199.5],[3393.0,3199.5],[3392.5,3199.0],[3392.0,3198.5],[3391.0,3198.5],[3390.5,3198.0],[3390.0,3197.5],[3389.5,3197.0],[3389.5,3196.0],[3389.0,3195.5],[3388.5,3195.0],[3388.5,3194.0],[3388.5,3193.0],[3388.0,3192.5],[3387.5,3192.0],[3387.5,3191.0],[3387.5,3190.0],[3387.5,3189.0],[3387.5,3188.0],[3387.0,3187.5],[3386.5,3187.0],[3386.5,3186.0],[3386.5,3185.0],[3386.0,3184.5],[3385.5,3184.0],[3385.5,3183.0],[3385.0,3182.5],[3384.5,3182.0],[3384.5,3181.0],[3384.0,3180.5],[3383.5,3180.0],[3383.5,3179.0],[3383.0,3178.5],[3382.5,3178.0],[3382.0,3177.5],[3381.5,3177.0],[3381.5,3176.0],[3381.0,3175.5],[3380.5,3175.0],[3380.5,3174.0],[3380.0,3173.5],[3379.5,3173.0],[3379.5,3172.0],[3379.0,3171.5],[3378.5,3171.0],[3378.0,3170.5],[3377.5,3170.0],[3377.0,3169.5],[3376.5,3169.0],[3376.0,3168.5],[3375.5,3168.0],[3375.5,3167.0],[3375.0,3166.5],[3374.5,3166.0],[3374.0,3165.5],[3373.5,3165.0],[3373.0,3164.5],[3372.5,3164.0],[3372.0,3163.5],[3371.5,3163.0],[3371.0,3162.5],[3370.5,3162.0],[3370.0,3161.5],[3369.5,3161.0],[3369.0,3160.5],[3368.5,3160.0],[3368.5,3159.0],[3368.0,3158.5],[3367.5,3158.0],[3367.0,3157.5],[3366.5,3157.0],[3366.0,3156.5],[3365.5,3156.0],[3365.0,3155.5],[3364.5,3155.0],[3364.0,3154.5],[3363.5,3154.0],[3363.0,3153.5],[3362.5,3153.0],[3362.0,3152.5],[3361.5,3152.0],[3361.0,3151.5],[3360.5,3151.0],[3360.0,3150.5]]",243109.61294937,431099.39679718,106.53600502,,,,,0.0007029913,원본사진/DJI_20260826094118_0100_V.JPG,"[""512원본타일/DJI_20260826094118_0100_V__x03072_y03072.png""]","[""512라벨오버레이/DJI_20260826094118_0100_V__x03072_y03072.png""]"
DJI_20260826094118_0100_V.JPG,D000321,DLM,박리,"[[4113.5,3179.0],[4114.0,3179.5],[4115.0,3179.5],[4115.5,3180.0],[4116.0,3180.5],[4116.5,3181.0],[4116.5,3183.0],[4116.5,3184.0],[4116.5,3185.0],[4116.5,3186.0],[4116.5,3187.0],[4116.5,3188.0],[4116.5,3190.0],[4116.5,3191.0],[4116.5,3192.0],[4116.5,3193.0],[4116.5,3194.0],[4116.5,3195.0],[4116.5,3197.0],[4116.5,3198.0],[4116.5,3199.0],[4116.5,3200.0],[4116.5,3201.0],[4117.0,3201.5],[4117.5,3203.0],[4117.5,3204.0],[4118.0,3204.5],[4118.5,3205.0],[4118.5,3206.0],[4118.5,3207.0],[4119.5,3208.0],[4119.5,3209.0],[4119.5,3210.0],[4119.5,3211.0],[4119.5,3212.0],[4120.0,3212.5],[4120.5,3214.0],[4120.5,3215.0],[4120.5,3216.0],[4120.5,3217.0],[4120.5,3218.0],[4120.5,3219.0],[4119.5,3220.0],[4119.5,3221.0],[4119.5,3222.0],[4119.0,3222.5],[4118.5,3223.0],[4118.5,3224.0],[4117.5,3225.0],[4117.5,3226.0],[4117.0,3226.5],[4116.5,3227.0],[4116.5,3228.0],[4116.5,3229.0],[4115.5,3230.0],[4115.5,3231.0],[4115.5,3232.0],[4115.5,3233.0],[4115.5,3234.0],[4115.5,3235.0],[4115.5,3237.0],[4115.5,3238.0],[4115.5,3239.0],[4116.0,3239.5],[4116.5,3240.0],[4116.5,3241.0],[4116.5,3243.0],[4117.0,3243.5],[4117.5,3244.0],[4117.5,3245.0],[4118.0,3245.5],[4118.5,3246.0],[4119.5,3247.0],[4120.0,3247.5],[4120.5,3248.0],[4121.0,3248.5],[4121.5,3249.0],[4122.0,3249.5],[4123.5,3250.0],[4124.0,3250.5],[4125.0,3250.5],[4125.5,3251.0],[4126.0,3251.5],[4127.0,3251.5],[4128.0,3252.5],[4129.0,3252.5],[4129.5,3253.0],[4130.0,3253.5],[4130.5,3254.0],[4132.0,3254.5],[4132.5,3255.0],[4133.0,3255.5],[4133.5,3256.0],[4134.0,3256.5],[4134.5,3257.0],[4135.5,3258.0],[4136.0,3258.5],[4136.5,3259.0],[4136.5,3260.0],[4137.0,3260.5],[4137.5,3261.0],[4138.5,3262.0],[4138.5,3263.0],[4138.5,3264.0],[4139.0,3264.5],[4139.5,3265.0],[4139.5,3266.0],[4138.5,3267.0],[4138.5,3268.0],[4138.5,3269.0],[4138.5,3270.0],[4138.0,3270.5],[4137.5,3271.0],[4137.5,3273.0],[4137.5,3274.0],[4137.0,3274.5],[4136.5,3275.0],[4136.5,3276.0],[4136.5,3277.0],[4136.5,3279.0],[4136.5,3280.0],[4136.5,3281.0],[4136.0,3281.5],[4135.5,3282.0],[4135.5,3283.0],[4136.5,3284.0],[4136.5,3285.0],[4136.5,3286.0],[4136.5,3287.0],[4136.5,3288.0],[4136.5,3289.0],[4137.5,3290.0],[4137.5,3291.0],[4138.0,3291.5],[4138.5,3292.0],[4138.5,3293.0],[4139.0,3293.5],[4139.5,3295.0],[4140.0,3295.5],[4140.5,3296.0],[4141.0,3296.5],[4141.5,3297.0],[4142.0,3297.5],[4142.5,3299.0],[4143.0,3299.5],[4143.5,3300.0],[4144.0,3300.5],[4144.5,3301.0],[4145.0,3301.5],[4145.5,3303.0],[4146.0,3303.5],[4146.5,3304.0],[4147.0,3304.5],[4147.5,3305.0],[4147.5,3306.0],[4148.5,3307.0],[4149.0,3307.5],[4149.5,3308.0],[4150.0,3308.5],[4150.5,3309.0],[4151.0,3309.5],[4152.0,3310.5],[4152.5,3311.0],[4153.0,3311.5],[4153.5,3312.0],[4154.0,3312.5],[4154.5,3313.0],[4155.5,3314.0],[4156.0,3314.5],[4156.5,3315.0],[4156.5,3316.0],[4157.0,3316.5],[4158.0,3317.5],[4158.5,3318.0],[4158.5,3319.0],[4159.0,3319.5],[4159.5,3320.0],[4159.5,3321.0],[4160.5,3322.0],[4161.0,3322.5],[4161.5,3323.0],[4161.5,3324.0],[4162.0,3324.5],[4162.5,3325.0],[4163.0,3326.5],[4163.5,3327.0],[4163.5,3328.0],[4164.0,3328.5],[4164.5,3329.0],[4164.5,3330.0],[4165.5,3331.0],[4165.5,3332.0],[4165.5,3333.0],[4165.5,3334.0],[4165.5,3335.0],[4165.5,3336.0],[4166.0,3337.5],[4166.5,3338.0],[4166.5,3339.0],[4166.5,3340.0],[4166.5,3341.0],[4167.0,3341.5],[4167.5,3343.0],[4168.0,3343.5],[4168.5,3344.0],[4168.5,3345.0],[4169.0,3345.5],[4169.5,3346.0],[4170.5,3347.0],[4170.5,3348.0],[4171.0,3348.5],[4171.5,3349.0],[4172.0,3349.5],[4172.5,3350.0],[4173.5,3351.0],[4173.5,3352.0],[4173.5,3353.0],[4174.0,3353.5],[4174.5,3354.0],[4174.5,3355.0],[4173.5,3356.0],[4173.5,3357.0],[4173.5,3358.0],[4173.0,3358.5],[4172.5,3359.0],[4172.0,3359.5],[4171.5,3361.0],[4171.0,3361.5],[4170.5,3362.0],[4170.5,3363.0],[4170.0,3363.5],[4169.5,3364.0],[4169.5,3366.0],[4169.5,3367.0],[4169.5,3368.0],[4169.5,3369.0],[4169.5,3370.0],[4169.5,3371.0],[4170.5,3372.0],[4170.5,3373.0],[4170.5,3374.0],[4171.0,3374.5],[4171.5,3375.0],[4171.5,3376.0],[4172.0,3377.5],[4172.5,3378.0],[4172.5,3379.0],[4173.0,3379.5],[4173.5,3380.0],[4173.5,3381.0],[4174.0,3382.5],[4174.5,3383.0],[4174.5,3384.0],[4174.5,3385.0],[4174.5,3386.0],[4175.0,3387.5]]",243109.81106949,431099.1843338,106.44880104,,,,,0.0007662082,원본사진/DJI_20260826094118_0100_V.JPG,"[""512원본타일/DJI_20260826094118_0100_V__x04096_y03072.png""]","[""512라벨오버레이/DJI_20260826094118_0100_V__x04096_y03072.png""]"
DJI_20260826094118_0100_V.JPG,D000322,DLM,박리,"[[2879.5,3272.0],[2880.0,3272.5],[2880.5,3273.0],[2881.0,3273.5],[2881.5,3274.0],[2881.5,3275.0],[2882.0,3275.5],[2882.5,3276.0],[2882.5,3277.0],[2882.5,3278.0],[2883.0,3278.5],[2883.5,3279.0],[2884.0,3279.5],[2884.5,3280.0],[2884.5,3281.0],[2885.0,3281.5],[2885.5,3282.0],[2886.0,3282.5],[2886.5,3283.0],[2887.0,3283.5],[2887.5,3284.0],[2888.0,3284.5],[2889.0,3284.5],[2889.5,3285.0],[2890.0,3285.5],[2890.5,3286.0],[2891.0,3286.5],[2892.0,3286.5],[2892.5,3287.0],[2893.0,3287.5],[2894.0,3287.5],[2895.0,3287.5],[2896.0,3287.5],[2897.0,3287.5],[2898.0,3287.5],[2898.5,3288.0],[2899.0,3288.5],[2900.0,3288.5],[2901.0,3288.5],[2902.0,3288.5],[2903.0,3288.5],[2904.0,3288.5],[2905.0,3288.5],[2906.0,3288.5],[2907.0,3288.5],[2908.0,3288.5],[2909.0,3288.5],[2909.5,3289.0],[2910.0,3289.5],[2911.0,3289.5],[2912.0,3289.5],[2913.0,3289.5],[2914.0,3289.5],[2915.0,3289.5],[2916.0,3289.5],[2916.5,3290.0],[2917.0,3290.5],[2918.0,3290.5],[2919.0,3290.5],[2920.0,3290.5],[2921.0,3290.5],[2922.0,3290.5],[2923.0,3290.5],[2923.5,3291.0],[2924.0,3291.5],[2925.0,3291.5],[2926.0,3291.5],[2927.0,3291.5],[2928.0,3291.5],[2929.0,3291.5],[2929.5,3292.0],[2930.0,3292.5],[2931.0,3292.5],[2932.0,3292.5],[2933.0,3292.5],[2934.0,3292.5],[2935.0,3292.5],[2935.5,3293.0],[2936.0,3293.5],[2937.0,3293.5],[2938.0,3293.5],[2939.0,3293.5],[2940.0,3293.5],[2940.5,3294.0],[2941.0,3294.5],[2942.0,3294.5],[2943.0,3294.5],[2944.0,3294.5],[2945.0,3294.5],[2945.5,3295.0],[2946.0,3295.5],[2947.0,3295.5],[2948.0,3295.5],[2949.0,3295.5],[2950.0,3295.5],[2951.0,3295.5],[2952.0,3295.5],[2953.0,3295.5],[2953.5,3296.0],[2954.0,3296.5],[2955.0,3296.5],[2955.5,3297.0],[2956.0,3297.5],[2957.0,3297.5],[2958.0,3297.5],[2959.0,3297.5],[2959.5,3298.0],[2960.0,3298.5],[2961.0,3298.5],[2962.0,3298.5],[2963.0,3298.5],[2963.5,3299.0],[2964.0,3299.5],[2965.0,3299.5],[2966.0,3299.5],[2966.5,3300.0],[2967.0,3300.5],[2968.0,3300.5],[2969.0,3300.5],[2969.5,3301.0],[2970.0,3301.5],[2971.0,3301.5],[2972.0,3301.5],[2973.0,3301.5],[2973.5,3302.0],[2974.0,3302.5],[2975.0,3302.5],[2976.0,3302.5],[2976.5,3302.0],[2977.0,3301.5],[2978.0,3301.5],[2978.5,3302.0],[2979.0,3302.5],[2980.0,3302.5],[2981.0,3302.5],[2982.0,3302.5],[2983.0,3302.5],[2983.5,3303.0],[2983.5,3304.0],[2984.0,3304.5]]",243109.71911621,431099.56760406,106.44373703,,,,,0.0006651551,원본사진/DJI_20260826094118_0100_V.JPG,"[""512원본타일/DJI_20260826094118_0100_V__x02560_y03072.png""]","[""512라벨오버레이/DJI_20260826094118_0100_V__x02560_y03072.png""]"
DJI_20260826094118_0100_V.JPG,D000323,DLM,박리,"[[3040.0,3306.5],[3040.5,3306.0],[3041.0,3305.5],[3042.0,3305.5],[3043.0,3305.5],[3044.0,3305.5],[3044.5,3305.0],[3045.0,3304.5],[3046.0,3304.5],[3046.5,3305.0],[3047.0,3305.5],[3048.0,3305.5],[3049.0,3305.5],[3050.0,3305.5],[3051.0,3305.5],[3052.0,3305.5],[3052.5,3306.0],[3053.0,3306.5],[3054.0,3306.5],[3055.0,3306.5],[3056.0,3306.5],[3057.0,3306.5],[3058.0,3306.5],[3059.0,3306.5],[3060.0,3306.5],[3061.0,3306.5],[3062.0,3306.5],[3063.0,3306.5],[3064.0,3306.5],[3065.0,3306.5],[3066.0,3306.5],[3067.0,3306.5],[3068.0,3306.5],[3069.0,3306.5],[3070.0,3306.5],[3071.0,3306.5],[3072.0,3306.5],[3073.0,3306.5],[3074.0,3306.5],[3075.0,3306.5],[3076.0,3306.5],[3077.0,3306.5],[3078.0,3306.5],[3079.0,3306.5],[3080.0,3306.5],[3081.0,3306.5],[3082.0,3306.5],[3083.0,3306.5],[3084.0,3306.5],[3085.0,3306.5],[3086.0,3306.5],[3087.0,3306.5],[3088.0,3306.5],[3089.0,3306.5],[3090.0,3306.5],[3090.5,3306.0],[3091.0,3305.5],[3092.0,3305.5],[3093.0,3305.5],[3094.0,3305.5],[3095.0,3305.5],[3096.0,3305.5],[3097.0,3305.5],[3097.5,3305.0],[3098.0,3304.5],[3099.0,3304.5],[3100.0,3304.5],[3101.0,3304.5],[3102.0,3304.5],[3103.0,3304.5],[3104.0,3304.5],[3105.0,3304.5],[3106.0,3304.5],[3107.0,3304.5],[3108.0,3304.5],[3109.0,3304.5],[3110.0,3304.5],[3111.0,3304.5],[3112.0,3304.5],[3113.0,3304.5],[3114.0,3304.5],[3114.5,3304.0],[3115.0,3303.5],[3116.0,3303.5],[3117.0,3303.5],[3118.0,3303.5],[3119.0,3303.5],[3119.5,3303.0],[3120.0,3302.5],[3121.0,3302.5],[3122.0,3302.5],[3123.0,3302.5],[3124.0,3302.5],[3125.0,3302.5],[3126.0,3302.5],[3127.0,3302.5],[3127.5,3302.0],[3128.0,3301.5],[3129.0,3301.5],[3130.0,3301.5],[3131.0,3301.5],[3132.0,3301.5],[3133.0,3301.5],[3134.0,3301.5],[3135.0,3301.5],[3136.0,3301.5],[3137.0,3301.5],[3138.0,3301.5],[3139.0,3301.5],[3140.0,3301.5],[3141.0,3301.5],[3142.0,3301.5],[3143.0,3301.5],[3144.0,3301.5],[3145.0,3301.5],[3146.0,3301.5],[3147.0,3301.5],[3148.0,3301.5],[3149.0,3301.5],[3150.0,3301.5],[3151.0,3301.5],[3151.5,3301.0],[3152.0,3300.5],[3153.0,3300.5],[3154.0,3300.5],[3155.0,3300.5],[3155.5,3300.0],[3156.0,3299.5],[3157.0,3299.5],[3158.0,3299.5],[3159.0,3299.5],[3160.0,3299.5],[3161.0,3299.5],[3162.0,3299.5],[3163.0,3299.5],[3163.5,3299.0],[3164.0,3298.5],[3165.0,3298.5],[3166.0,3298.5],[3167.0,3298.5],[3168.0,3298.5],[3169.0,3298.5],[3170.0,3298.5],[3170.5,3298.0],[3171.0,3297.5],[3172.0,3297.5],[3173.0,3297.5],[3174.0,3297.5],[3175.0,3297.5],[3176.0,3297.5],[3177.0,3297.5],[3178.0,3297.5],[3179.0,3297.5],[3180.0,3297.5],[3181.0,3297.5],[3182.0,3297.5],[3182.5,3297.0],[3183.0,3296.5],[3184.0,3296.5],[3185.0,3296.5],[3186.0,3296.5],[3187.0,3296.5],[3188.0,3296.5],[3189.0,3296.5],[3190.0,3296.5],[3191.0,3296.5],[3192.0,3296.5],[3193.0,3296.5],[3194.0,3296.5],[3195.0,3296.5],[3196.0,3296.5],[3196.5,3296.0],[3197.0,3295.5],[3198.0,3295.5],[3199.0,3295.5],[3200.0,3295.5],[3201.0,3295.5],[3202.0,3295.5],[3203.0,3295.5],[3203.5,3295.0],[3204.0,3294.5],[3205.0,3294.5],[3206.0,3294.5],[3207.0,3294.5],[3207.5,3294.0],[3208.0,3293.5],[3209.0,3293.5],[3210.0,3293.5],[3211.0,3293.5],[3212.0,3293.5],[3213.0,3293.5],[3214.0,3293.5],[3215.0,3293.5],[3216.0,3293.5],[3217.0,3293.5],[3218.0,3293.5],[3219.0,3293.5],[3220.0,3293.5],[3221.0,3293.5],[3222.0,3293.5],[3223.0,3293.5],[3224.0,3293.5],[3225.0,3293.5],[3226.0,3293.5],[3227.0,3293.5],[3228.0,3293.5],[3229.0,3293.5],[3230.0,3293.5],[3231.0,3293.5],[3232.0,3293.5],[3233.0,3293.5],[3234.0,3293.5],[3234.5,3293.0],[3235.0,3292.5],[3236.0,3292.5],[3237.0,3292.5],[3238.0,3292.5],[3239.0,3292.5],[3240.0,3292.5],[3241.0,3292.5],[3242.0,3292.5],[3243.0,3292.5],[3244.0,3292.5],[3245.0,3292.5],[3246.0,3292.5],[3247.0,3292.5],[3248.0,3292.5],[3249.0,3292.5],[3250.0,3292.5],[3250.5,3292.0],[3251.0,3291.5],[3252.0,3291.5],[3253.0,3291.5],[3254.0,3291.5],[3255.0,3291.5],[3256.0,3291.5],[3257.0,3291.5],[3257.5,3291.0]]",243109.64333725,431099.47292328,106.47924614,,,,,0.0011015799,원본사진/DJI_20260826094118_0100_V.JPG,"[""512원본타일/DJI_20260826094118_0100_V__x03072_y03072.png"",""512원본타일/DJI_20260826094118_0100_V__x02560_y03072.png""]","[""512라벨오버레이/DJI_20260826094118_0100_V__x03072_y03072.png"",""512라벨오버레이/DJI_20260826094118_0100_V__x02560_y03072.png""]"
DJI_20260826094549_0300_V.JPG,D000371,DLM,박리,"[[2108.5,641.0],[2108.0,640.5],[2107.0,640.5],[2106.0,640.5],[2105.0,640.5],[2104.0,640.5],[2103.0,640.5],[2102.0,640.5],[2101.0,640.5],[2100.0,640.5],[2099.5,640.0],[2099.0,639.5],[2098.0,639.5],[2097.0,639.5],[2096.0,639.5],[2095.0,639.5],[2094.0,639.5],[2093.0,639.5],[2092.0,639.5],[2091.5,639.0],[2091.0,638.5],[2090.5,638.0],[2090.0,637.5],[2089.0,637.5],[2088.5,637.0],[2088.0,636.5],[2087.0,636.5],[2086.5,636.0],[2086.0,635.5],[2085.5,635.0],[2085.0,634.5],[2084.0,634.5],[2083.5,634.0],[2083.0,633.5],[2082.5,633.0],[2082.0,632.5],[2081.0,632.5],[2080.5,632.0],[2080.0,631.5],[2079.0,631.5],[2078.5,631.0],[2078.0,630.5],[2077.5,630.0],[2077.0,629.5],[2076.5,629.0],[2076.0,628.5],[2075.0,628.5],[2074.5,628.0],[2074.0,627.5],[2073.5,627.0],[2073.0,626.5],[2072.5,626.0],[2072.5,625.0],[2072.0,624.5],[2071.5,624.0],[2071.5,623.0],[2071.0,622.5],[2070.5,622.0],[2070.0,621.5],[2069.0,621.5],[2068.0,621.5],[2067.0,621.5],[2066.5,622.0],[2066.0,622.5],[2065.5,623.0],[2065.0,623.5],[2064.5,624.0],[2064.0,624.5],[2063.5,625.0],[2063.0,625.5],[2062.0,625.5],[2061.0,625.5],[2060.0,625.5],[2059.5,625.0],[2059.0,624.5],[2058.5,624.0],[2058.0,623.5],[2057.0,623.5],[2056.5,623.0],[2056.0,622.5],[2055.5,622.0],[2055.0,621.5],[2054.5,621.0],[2054.0,620.5],[2053.5,620.0],[2053.0,619.5],[2052.5,619.0],[2052.0,618.5],[2051.5,618.0],[2051.5,617.0],[2051.5,616.0],[2051.0,615.5],[2050.5,615.0],[2050.5,614.0],[2050.5,613.0],[2050.0,612.5],[2049.5,612.0],[2049.5,611.0],[2049.0,610.5],[2048.0,610.5]]",243119.08139801,431071.61341858,105.56635284,,,,,0.0009725059,원본사진/DJI_20260826094549_0300_V.JPG,"[""512원본타일/DJI_20260826094549_0300_V__x02048_y00512.png""]","[""512라벨오버레이/DJI_20260826094549_0300_V__x02048_y00512.png""]"
DJI_20260826094549_0300_V.JPG,D000372,DLM,박리,"[[2162.0,617.5],[2161.5,618.0],[2161.5,619.0],[2161.5,620.0],[2161.5,621.0],[2161.5,622.0],[2161.5,623.0],[2161.0,623.5],[2160.5,624.0],[2160.5,625.0],[2160.5,626.0],[2160.5,627.0],[2160.5,628.0],[2160.0,628.5],[2159.5,629.0],[2159.5,630.0],[2159.0,630.5],[2158.5,631.0],[2158.5,632.0],[2158.0,632.5],[2157.5,633.0],[2157.0,633.5],[2156.5,634.0],[2156.0,634.5],[2155.5,635.0],[2155.0,635.5],[2154.5,636.0],[2154.0,636.5],[2153.5,637.0],[2153.0,637.5],[2152.5,638.0],[2152.0,638.5],[2151.5,639.0],[2151.0,639.5],[2150.0,639.5],[2149.5,640.0],[2149.0,640.5],[2148.0,640.5],[2147.0,640.5],[2146.5,641.0]]",243119.08583069,431071.58664703,105.55625343,,,,,0.000250841,원본사진/DJI_20260826094549_0300_V.JPG,"[""512원본타일/DJI_20260826094549_0300_V__x02048_y00512.png""]","[""512라벨오버레이/DJI_20260826094549_0300_V__x02048_y00512.png""]"
DJI_20260826094549_0300_V.JPG,D000373,DLM,박리,"[[2065.0,688.5],[2064.5,689.0],[2064.5,690.0],[2064.5,691.0],[2064.5,692.0],[2064.5,693.0],[2064.5,694.0],[2064.0,694.5],[2063.5,695.0],[2063.5,696.0],[2063.5,697.0],[2063.0,697.5],[2062.5,698.0],[2062.5,699.0],[2062.5,700.0],[2062.0,700.5],[2061.5,701.0],[2061.5,702.0],[2061.5,703.0],[2061.0,703.5],[2060.5,704.0],[2060.5,705.0],[2060.0,705.5],[2059.5,706.0],[2059.0,706.5],[2058.5,707.0],[2058.0,707.5],[2057.5,708.0],[2057.0,708.5],[2056.5,709.0],[2056.0,709.5],[2055.5,710.0],[2055.0,710.5],[2054.5,711.0]]",243119.17057037,431071.67800903,105.56734467,,,,,0.0003209224,원본사진/DJI_20260826094549_0300_V.JPG,"[""512원본타일/DJI_20260826094549_0300_V__x02048_y00512.png""]","[""512라벨오버레이/DJI_20260826094549_0300_V__x02048_y00512.png""]"
DJI_20260826094549_0300_V.JPG,D000375,DLM,박리,"[[4095.5,1116.0],[4095.5,1114.0],[4094.0,1113.5],[4092.5,1113.0],[4091.0,1112.5],[4089.0,1112.5],[4088.0,1111.5],[4087.0,1110.5],[4086.0,1109.5],[4085.0,1108.5],[4084.5,1107.0],[4084.5,1105.0],[4083.5,1104.0],[4083.0,1102.5],[4082.5,1101.0],[4082.5,1099.0],[4081.5,1098.0],[4081.0,1096.5],[4080.5,1095.0],[4079.5,1094.0],[4078.5,1093.0],[4079.0,1091.5],[4079.5,1090.0],[4081.0,1089.5],[4082.5,1089.0],[4082.0,1087.5],[4081.5,1086.0],[4082.5,1085.0],[4083.5,1084.0],[4084.0,1082.5],[4084.5,1081.0],[4084.5,1079.0],[4084.5,1077.0],[4085.5,1076.0],[4084.5,1075.0],[4084.5,1073.0],[4084.5,1071.0],[4084.5,1069.0],[4084.5,1067.0],[4083.5,1066.0],[4083.5,1064.0],[4084.0,1062.5],[4084.0,1061.5],[4083.5,1060.0],[4083.5,1058.0],[4083.5,1056.0],[4083.5,1054.0],[4082.5,1053.0],[4081.5,1052.0],[4081.0,1050.5],[4080.5,1049.0],[4079.5,1048.0],[4079.0,1046.5],[4078.0,1045.5],[4077.5,1044.0],[4076.5,1043.0],[4075.5,1042.0],[4074.5,1041.0],[4073.5,1040.0],[4073.0,1038.5],[4071.5,1038.0],[4070.5,1037.0],[4069.5,1036.0],[4068.0,1035.5],[4066.0,1035.5],[4065.0,1034.5],[4063.0,1034.5],[4061.0,1034.5],[4059.5,1034.0],[4058.0,1033.5],[4056.0,1033.5],[4055.0,1032.5],[4053.0,1032.5],[4052.0,1031.5],[4050.5,1031.0],[4049.5,1030.0],[4048.5,1029.0],[4047.5,1028.0],[4046.0,1027.5],[4044.5,1027.0],[4043.0,1026.5],[4042.0,1027.5],[4040.5,1028.0],[4039.0,1028.5],[4038.0,1029.5],[4036.0,1029.5],[4034.0,1029.5],[4032.5,1029.0],[4031.5,1028.0],[4030.5,1027.0],[4029.5,1026.0],[4029.5,1024.0],[4028.5,1023.0],[4029.0,1021.5],[4029.5,1020.0],[4031.0,1019.5],[4032.0,1018.5],[4034.0,1018.5],[4035.5,1019.0],[4037.0,1019.5],[4038.5,1020.0],[4040.0,1020.5],[4041.0,1021.5],[4041.5,1020.0],[4042.5,1019.0],[4041.5,1018.0],[4041.5,1016.0],[4040.5,1015.0],[4040.0,1013.5],[4039.5,1012.0],[4038.5,1011.0],[4037.5,1010.0],[4036.0,1009.5],[4035.0,1010.5],[4034.0,1011.5],[4032.5,1011.0],[4031.5,1010.0],[4030.0,1009.5],[4029.5,1008.0],[4030.5,1007.0],[4031.5,1006.0],[4032.5,1005.0],[4032.0,1003.5],[4031.0,1002.5],[4029.5,1002.0],[4029.5,1000.0],[4030.5,999.0],[4030.5,997.0],[4032.5,996.0],[4033.5,995.0],[4034.0,993.5],[4035.0,992.5],[4035.5,991.0],[4036.0,989.5],[4036.5,988.0],[4037.0,986.5],[4038.0,985.5],[4038.5,984.0],[4039.5,983.0],[4040.0,981.5],[4041.0,980.5],[4041.5,979.0],[4042.5,978.0],[4043.5,977.0],[4044.5,976.0],[4045.5,975.0],[4046.0,973.5],[4047.0,972.5],[4047.5,971.0],[4048.0,969.5],[4048.5,968.0],[4048.5,966.0],[4048.5,964.0],[4049.5,963.0],[4049.5,961.0],[4049.5,959.0],[4050.5,958.0],[4050.5,956.0],[4051.0,954.5],[4051.5,953.0],[4052.5,952.0],[4052.5,950.0],[4053.5,949.0],[4054.0,947.5],[4055.0,946.5],[4055.5,945.0],[4056.5,944.0],[4057.5,943.0],[4058.5,942.0],[4060.0,941.5],[4061.0,940.5],[4061.5,939.0],[4062.0,937.5],[4062.5,936.0],[4061.5,935.0],[4061.5,933.0],[4060.5,932.0],[4060.0,930.5],[4059.5,929.0],[4058.5,928.0],[4058.5,926.0],[4057.5,925.0],[4057.0,923.5],[4056.5,922.0],[4055.5,921.0],[4055.0,919.5],[4054.5,918.0],[4053.5,917.0],[4052.5,916.0],[4051.5,915.0],[4050.5,914.0],[4049.5,913.0],[4048.5,912.0],[4047.5,911.0],[4046.5,910.0],[4045.5,909.0],[4045.0,907.5],[4044.0,906.5],[4043.0,905.5],[4042.0,904.5],[4041.0,903.5],[4040.5,902.0],[4039.5,901.0],[4038.5,900.0],[4038.0,898.5],[4037.0,897.5],[4036.0,896.5],[4035.0,895.5],[4034.5,894.0],[4033.5,893.0],[4032.5,892.0],[4031.5,891.0],[4030.5,890.0],[4030.0,888.5],[4029.0,887.5],[4028.0,886.5],[4027.0,885.5],[4026.5,884.0],[4025.5,883.0],[4025.0,881.5],[4024.5,880.0],[4023.5,879.0],[4022.5,878.0],[4022.0,876.5],[4021.0,875.5],[4020.0,874.5],[4019.5,873.0],[4018.5,872.0],[4018.0,870.5],[4017.5,869.0],[4016.5,868.0],[4016.5,866.0],[4015.5,865.0],[4015.5,863.0],[4015.5,861.0],[4014.5,860.0],[4014.5,858.0],[4014.5,856.0],[4014.5,854.0],[4014.5,852.0],[4014.0,850.5],[4013.5,849.0],[4013.5,847.0],[4013.5,845.0],[4013.5,843.0],[4013.5,841.0],[4013.5,839.0],[4013.5,837.0],[4013.5,835.0],[4013.5,833.0],[4013.0,831.5],[4012.5,830.0],[4012.5,828.0],[4011.5,827.0],[4011.0,825.5],[4010.0,823.5]]",243118.95732117,431070.80966187,105.30361175,,,,,0.0022242514,원본사진/DJI_20260826094549_0300_V.JPG,"[""512원본타일/DJI_20260826094549_0300_V__x03584_y00512.png"",""512원본타일/DJI_20260826094549_0300_V__x04096_y00512.png"",""512원본타일/DJI_20260826094549_0300_V__x03584_y01024.png"",""512원본타일/DJI_20260826094549_0300_V__x04096_y01024.png""]","[""512라벨오버레이/DJI_20260826094549_0300_V__x03584_y00512.png"",""512라벨오버레이/DJI_20260826094549_0300_V__x04096_y00512.png"",""512라벨오버레이/DJI_20260826094549_0300_V__x03584_y01024.png"",""512라벨오버레이/DJI_20260826094549_0300_V__x04096_y01024.png""]"
DJI_20260826094700_0360_V.JPG,D000417,DLM,박리,"[[640.0,992.5],[640.5,988.0],[642.0,984.5],[644.0,981.5],[646.5,978.0],[648.5,975.0],[651.0,972.5],[654.0,969.5],[656.5,967.0],[659.0,964.5],[662.5,962.0],[665.0,959.5],[668.0,957.5],[671.0,954.5],[673.5,952.0],[675.5,949.0],[677.5,946.0],[680.0,942.5],[682.5,940.0],[684.5,937.0],[687.0,933.5],[690.0,931.5],[692.5,929.0],[695.5,926.0],[698.0,923.5],[701.5,922.0],[705.0,919.5],[708.0,917.5],[712.0,916.5],[715.0,914.5],[719.0,912.5],[722.0,910.5],[725.0,908.5],[729.0,906.5],[732.0,904.5],[735.0,902.5],[739.5,901.0],[743.0,899.5],[746.5,898.0],[750.0,895.5],[753.5,894.0],[756.0,891.5],[760.5,890.0],[764.0,888.5],[768.0,887.5],[772.0,886.5],[776.0,884.5],[780.5,884.0],[784.0,882.5],[789.0,881.5],[793.0,880.5],[796.5,879.0],[801.0,877.5],[804.5,876.0],[809.0,875.5],[814.0,874.5],[818.0,873.5],[821.5,872.0],[824.5,870.0],[828.0,867.5],[831.0,865.5],[833.0,862.5],[836.0,859.5],[839.0,857.5],[842.5,856.0],[845.5,853.0],[848.0,850.5],[850.5,848.0],[854.0,845.5],[856.5,843.0],[858.5,840.0],[860.5,837.0],[865.0,835.5],[869.0,834.5],[873.0,833.5],[878.0,832.5],[882.0,831.5],[886.0,830.5],[890.0,828.5],[892.5,826.0],[895.0,823.5],[897.5,820.0],[901.0,818.5],[904.5,817.0],[910.0,816.5],[914.0,815.5],[917.5,814.0],[921.0,812.5],[926.0,811.5],[931.0,811.5],[935.5,812.0],[941.0,812.5],[945.0,813.5],[949.0,814.5],[954.0,815.5],[957.5,817.0],[960.5,819.0],[964.5,821.0],[969.0,821.5],[973.0,820.5],[976.0,818.5],[981.0,817.5],[986.0,817.5],[990.0,818.5],[994.0,820.5],[996.5,823.0],[997.5,827.0],[999.0,831.5],[1001.5,834.0],[1004.5,836.0],[1008.0,838.5],[1012.5,839.0],[1016.0,840.5],[1020.0,842.5],[1024.0,843.5],[1027.0,845.5],[1031.0,846.5],[1034.5,849.0],[1038.0,850.5],[1043.0,850.5],[1047.5,851.0],[1051.0,849.5],[1054.0,847.5],[1058.5,846.0],[1062.5,845.0],[1066.0,843.5],[1071.0,842.5],[1074.5,841.0],[1078.0,839.5],[1082.0,840.5],[1088.0,840.5],[1091.0,842.5],[1096.0,842.5],[1100.0,844.5],[1103.5,846.0],[1107.0,847.5],[1112.0,848.5],[1116.0,849.5],[1120.0,850.5],[1126.0,850.5],[1131.0,850.5],[1136.0,850.5],[1140.5,850.0],[1146.0,849.5],[1151.0,849.5],[1155.5,850.0],[1160.0,851.5],[1164.0,852.5],[1167.0,852.5],[1172.0,851.5],[1175.5,853.0],[1179.0,852.5],[1183.5,852.0],[1187.0,853.5],[1190.0,855.5],[1193.5,858.0],[1196.5,860.0],[1200.0,861.5],[1204.0,862.5],[1208.0,864.5],[1212.0,865.5],[1216.0,866.5],[1220.0,868.5],[1223.0,870.5],[1228.0,870.5],[1233.0,871.5],[1238.0,871.5],[1243.0,871.5],[1248.0,872.5],[1253.0,872.5],[1257.0,873.5],[1261.5,874.0],[1267.0,874.5],[1271.0,873.5],[1275.0,872.5],[1279.0,870.5],[1281.0,867.5],[1283.5,865.0],[1286.0,861.5],[1288.5,859.0],[1289.5,855.0],[1290.0,849.5],[1291.0,845.5],[1292.5,842.0],[1296.0,839.5],[1301.0,839.5],[1306.0,839.5],[1310.0,840.5],[1315.5,841.0],[1319.0,842.5],[1323.0,843.5],[1327.5,845.0],[1331.0,846.5],[1335.0,845.5],[1340.0,844.5],[1344.0,843.5],[1348.0,842.5],[1351.5,840.0],[1356.0,839.5],[1361.0,839.5],[1365.0,838.5],[1369.5,837.0],[1374.0,836.5],[1379.0,836.5],[1383.0,836.5],[1388.0,836.5],[1391.5,838.0],[1397.0,838.5],[1401.0,839.5],[1406.0,839.5],[1411.0,840.5],[1414.5,840.0],[1419.0,840.5],[1424.0,840.5],[1430.0,840.5],[1433.0,840.5],[1437.0,839.5],[1440.5,837.0],[1444.0,835.5],[1447.5,834.0],[1452.0,832.5],[1457.0,832.5],[1461.0,831.5],[1466.5,831.0],[1470.0,829.5],[1474.0,828.5],[1479.0,829.5],[1483.0,828.5],[1488.0,828.5],[1492.5,828.0],[1496.5,826.0],[1501.0,825.5],[1506.0,825.5],[1512.0,825.5],[1516.0,826.5],[1521.0,826.5],[1525.5,827.0],[1529.5,827.0],[1533.0,826.5],[1537.5,825.0],[1540.5,823.0],[1544.5,822.0],[1549.0,821.5],[1553.5,820.0],[1557.5,820.0],[1562.0,820.5],[1567.0,819.5],[1569.5,817.0],[1572.0,814.5],[1573.0,810.5],[1573.5,807.0],[1573.0,802.5],[1574.0,798.5],[1572.5,796.0],[1574.5,793.0],[1576.5,789.0]]",243110.98381805,431095.51233673,105.43950081,,,,,0.100207577,원본사진/DJI_20260826094700_0360_V.JPG,"[""512원본타일/DJI_20260826094700_0360_V__x01024_y00512.png"",""512원본타일/DJI_20260826094700_0360_V__x00512_y00512.png"",""512원본타일/DJI_20260826094700_0360_V__x01536_y00512.png"",""512원본타일/DJI_20260826094700_0360_V__x00512_y01024.png"",""512원본타일/DJI_20260826094700_0360_V__x01024_y01024.png"",""512원본타일/DJI_20260826094700_0360_V__x01536_y01024.png""]","[""512라벨오버레이/DJI_20260826094700_0360_V__x01024_y00512.png"",""512라벨오버레이/DJI_20260826094700_0360_V__x00512_y00512.png"",""512라벨오버레이/DJI_20260826094700_0360_V__x01536_y00512.png"",""512라벨오버레이/DJI_20260826094700_0360_V__x00512_y01024.png"",""512라벨오버레이/DJI_20260826094700_0360_V__x01024_y01024.png"",""512라벨오버레이/DJI_20260826094700_0360_V__x01536_y01024.png""]"
DJI_20260826094700_0360_V.JPG,D000418,DLM,박리,"[[2637.0,1515.5],[2638.0,1515.5],[2638.5,1515.0],[2639.0,1514.5],[2640.0,1514.5],[2641.0,1514.5],[2642.0,1513.5],[2643.0,1513.5],[2644.0,1513.5],[2645.0,1513.5],[2646.0,1513.5],[2646.5,1513.0],[2648.0,1512.5],[2649.0,1512.5],[2650.0,1512.5],[2651.0,1512.5],[2652.0,1512.5],[2653.0,1512.5],[2655.0,1512.5],[2656.0,1512.5],[2657.0,1512.5],[2658.0,1512.5],[2659.0,1512.5],[2660.0,1512.5],[2662.0,1512.5],[2663.0,1512.5],[2664.0,1512.5],[2664.5,1512.0],[2665.0,1511.5],[2667.0,1511.5],[2668.0,1511.5],[2669.0,1511.5],[2669.5,1511.0],[2670.0,1510.5],[2671.0,1510.5],[2672.5,1510.0],[2673.0,1509.5],[2674.0,1509.5],[2675.0,1509.5],[2676.0,1509.5],[2677.0,1509.5],[2679.0,1509.5],[2680.0,1509.5],[2681.0,1509.5],[2682.0,1509.5],[2683.0,1509.5],[2684.0,1509.5],[2686.0,1509.5],[2687.0,1509.5],[2688.0,1509.5],[2689.0,1509.5],[2689.5,1510.0],[2690.0,1510.5],[2692.0,1510.5],[2693.0,1510.5],[2694.0,1510.5],[2695.0,1510.5],[2696.0,1510.5],[2697.5,1511.0],[2698.0,1511.5],[2699.0,1511.5],[2700.0,1511.5],[2701.0,1511.5],[2702.0,1511.5],[2704.0,1511.5],[2705.0,1511.5],[2706.0,1511.5],[2707.0,1511.5],[2707.5,1512.0],[2708.0,1512.5],[2710.0,1512.5],[2711.0,1512.5],[2712.0,1512.5],[2713.0,1512.5],[2713.5,1513.0],[2714.0,1513.5],[2716.0,1513.5],[2717.0,1513.5],[2718.0,1513.5],[2719.0,1513.5],[2720.0,1513.5],[2721.0,1513.5],[2722.0,1514.5],[2723.0,1514.5],[2724.0,1514.5],[2725.0,1514.5],[2726.0,1514.5],[2727.5,1515.0],[2728.0,1515.5],[2729.0,1515.5],[2730.0,1515.5],[2731.0,1515.5],[2732.0,1515.5],[2733.5,1516.0],[2734.0,1516.5],[2735.0,1516.5],[2736.0,1516.5],[2737.0,1516.5],[2738.0,1516.5],[2739.0,1517.5],[2740.0,1517.5],[2741.0,1517.5],[2742.0,1517.5],[2743.0,1517.5],[2743.5,1518.0],[2745.0,1518.5],[2746.0,1518.5],[2747.0,1518.5],[2748.0,1518.5],[2749.0,1518.5],[2749.5,1519.0],[2751.0,1519.5],[2752.0,1519.5],[2752.5,1520.0],[2753.0,1520.5],[2754.0,1520.5],[2756.0,1520.5],[2757.0,1520.5],[2758.0,1520.5],[2758.5,1520.0],[2758.5,1519.0],[2759.0,1518.5],[2760.5,1518.0],[2760.5,1517.0],[2761.0,1516.5],[2761.5,1516.0],[2762.0,1515.5],[2763.0,1515.5],[2764.0,1514.5],[2765.0,1514.5],[2765.5,1514.0],[2766.0,1513.5],[2766.5,1513.0],[2767.0,1512.5],[2768.5,1512.0],[2769.0,1511.5],[2769.5,1511.0],[2770.0,1510.5],[2771.0,1510.5],[2771.5,1510.0],[2772.5,1509.0],[2773.0,1508.5],[2774.0,1508.5],[2774.5,1508.0],[2775.0,1507.5],[2776.5,1507.0],[2777.0,1506.5],[2778.0,1506.5],[2779.0,1506.5],[2779.5,1506.0],[2780.0,1505.5],[2781.0,1504.5],[2782.0,1504.5],[2782.5,1504.0],[2783.0,1503.5],[2784.0,1503.5],[2784.5,1503.0],[2786.0,1502.5],[2787.0,1502.5],[2787.5,1502.0],[2788.0,1501.5],[2789.0,1501.5],[2790.0,1501.5],[2791.5,1501.0],[2792.0,1500.5],[2793.0,1500.5],[2794.0,1500.5],[2794.5,1500.0],[2795.0,1499.5],[2797.0,1499.5],[2797.5,1499.0],[2798.0,1498.5],[2799.0,1498.5],[2800.0,1498.5],[2801.0,1497.5],[2802.0,1497.5],[2803.0,1497.5],[2803.5,1497.0],[2804.0,1496.5],[2805.0,1496.5],[2807.0,1496.5],[2807.5,1496.0],[2808.0,1495.5],[2809.0,1495.5],[2810.0,1495.5],[2811.0,1495.5],[2812.5,1495.0],[2813.0,1494.5],[2814.0,1494.5],[2815.0,1494.5],[2816.0,1494.5],[2817.0,1494.5],[2818.5,1494.0],[2819.0,1493.5],[2820.0,1493.5],[2821.0,1493.5],[2822.0,1493.5],[2823.0,1493.5],[2825.0,1493.5],[2826.0,1493.5],[2826.5,1493.0],[2827.0,1492.5],[2828.0,1492.5],[2830.0,1492.5],[2830.5,1492.0],[2831.0,1491.5],[2832.0,1491.5],[2833.0,1491.5],[2834.0,1491.5],[2835.0,1490.5],[2836.0,1490.5],[2837.0,1490.5],[2838.0,1490.5],[2839.0,1490.5],[2839.5,1490.0],[2841.0,1489.5],[2842.0,1489.5],[2843.0,1489.5],[2844.0,1489.5],[2845.0,1489.5],[2845.5,1489.0],[2847.0,1488.5],[2848.0,1488.5],[2849.0,1488.5],[2850.0,1488.5],[2851.0,1488.5],[2852.0,1488.5],[2854.0,1488.5],[2855.0,1488.5],[2855.5,1488.0],[2856.0,1487.5],[2857.0,1487.5],[2859.0,1487.5],[2860.0,1487.5],[2861.0,1487.5],[2862.0,1487.5],[2862.5,1487.0],[2863.0,1486.5],[2865.0,1486.5],[2866.0,1486.5],[2867.0,1486.5],[2868.0,1486.5],[2869.0,1486.5],[2870.0,1486.5],[2872.0,1486.5],[2873.0,1486.5],[2874.0,1486.5],[2875.0,1486.5],[2876.0,1486.5],[2877.0,1486.5],[2878.0,1485.5],[2879.0,1485.5],[2880.0,1485.5],[2880.5,1485.0],[2881.0,1484.5],[2882.5,1484.0]]",243111.07120514,431094.6207428,105.10259628,,,,,0.0029967153,원본사진/DJI_20260826094700_0360_V.JPG,"[""512원본타일/DJI_20260826094700_0360_V__x02560_y01024.png"",""512원본타일/DJI_20260826094700_0360_V__x02560_y01536.png""]","[""512라벨오버레이/DJI_20260826094700_0360_V__x02560_y01024.png"",""512라벨오버레이/DJI_20260826094700_0360_V__x02560_y01536.png""]"
DJI_20260826094700_0360_V.JPG,D000419,DLM,박리,"[[1916.5,1667.0],[1916.0,1666.5],[1915.5,1666.0],[1915.0,1665.5],[1914.0,1665.5],[1913.5,1665.0],[1913.5,1664.0],[1913.0,1663.5],[1912.5,1663.0],[1912.0,1662.5],[1911.5,1662.0],[1911.0,1661.5],[1910.5,1661.0],[1910.0,1660.5],[1909.5,1660.0],[1909.5,1659.0],[1909.0,1658.5],[1908.5,1658.0],[1908.0,1657.5],[1907.5,1657.0],[1907.0,1656.5],[1906.5,1656.0],[1906.5,1655.0],[1906.0,1654.5],[1905.5,1654.0],[1905.0,1653.5],[1904.5,1653.0],[1904.0,1652.5],[1903.5,1652.0],[1903.0,1651.5],[1902.5,1651.0],[1902.5,1650.0],[1902.0,1649.5],[1901.5,1649.0],[1901.0,1648.5],[1900.5,1648.0],[1900.5,1647.0],[1900.0,1646.5],[1899.5,1646.0],[1899.5,1645.0],[1899.0,1644.5],[1898.5,1644.0],[1898.5,1643.0],[1898.5,1642.0],[1898.0,1641.5],[1897.5,1641.0],[1897.5,1640.0],[1897.0,1639.5],[1896.5,1639.0],[1896.5,1638.0],[1896.0,1637.5],[1895.5,1637.0],[1895.5,1636.0],[1895.5,1635.0],[1895.0,1634.5],[1894.5,1634.0],[1894.5,1633.0],[1894.0,1632.5],[1893.5,1632.0],[1893.5,1631.0],[1893.0,1630.5],[1892.5,1630.0],[1892.5,1629.0],[1892.5,1628.0],[1892.0,1627.5],[1891.5,1627.0],[1891.5,1626.0],[1891.5,1625.0],[1891.0,1624.5],[1890.5,1624.0],[1890.5,1623.0],[1890.5,1622.0],[1890.0,1621.5],[1889.5,1621.0],[1889.5,1620.0],[1889.0,1619.5],[1888.5,1619.0],[1888.5,1618.0],[1888.5,1617.0],[1888.0,1616.5],[1887.5,1616.0],[1887.5,1615.0],[1887.0,1614.5],[1886.5,1614.0],[1886.5,1613.0],[1886.0,1612.5],[1885.5,1612.0],[1885.5,1611.0],[1885.0,1610.5],[1884.5,1610.0],[1884.5,1609.0],[1884.0,1608.5],[1883.5,1608.0],[1883.0,1607.5],[1882.5,1607.0],[1882.0,1606.5],[1881.5,1606.0],[1881.0,1605.5],[1880.5,1605.0],[1880.5,1604.0],[1880.0,1603.5],[1879.5,1603.0],[1879.0,1602.5],[1878.5,1602.0],[1878.0,1601.5],[1877.5,1601.0],[1877.0,1600.5],[1876.5,1600.0],[1876.0,1599.5],[1875.5,1599.0],[1875.5,1598.0],[1875.0,1597.5],[1874.5,1597.0],[1874.0,1596.5],[1873.5,1596.0],[1873.5,1595.0],[1873.0,1594.5],[1872.5,1594.0],[1872.0,1593.5],[1871.5,1593.0],[1871.5,1592.0],[1871.0,1591.5],[1870.5,1591.0],[1870.0,1590.5],[1869.5,1590.0],[1869.0,1589.5],[1868.5,1589.0],[1868.0,1588.5],[1867.5,1588.0],[1867.5,1587.0],[1867.0,1586.5],[1866.5,1586.0],[1866.5,1585.0],[1866.0,1584.5],[1865.5,1584.0],[1865.0,1583.5],[1864.5,1583.0],[1864.0,1582.5],[1863.5,1582.0],[1863.5,1581.0],[1863.0,1580.5],[1862.5,1580.0],[1862.5,1579.0],[1862.0,1578.5],[1861.5,1578.0],[1861.5,1577.0],[1861.0,1576.5],[1860.5,1576.0],[1860.0,1575.5],[1859.5,1575.0],[1859.0,1574.5],[1858.5,1574.0],[1858.5,1573.0],[1858.0,1572.5],[1857.5,1572.0],[1857.5,1571.0],[1857.0,1570.5],[1856.5,1570.0],[1856.5,1569.0],[1856.0,1568.5],[1855.5,1568.0],[1855.5,1567.0],[1855.0,1566.5],[1854.5,1566.0],[1854.5,1565.0],[1854.0,1564.5],[1853.5,1564.0],[1853.5,1563.0],[1853.5,1562.0],[1853.5,1561.0],[1853.5,1560.0],[1853.0,1559.5],[1852.5,1559.0],[1852.5,1558.0],[1852.5,1557.0],[1852.5,1556.0],[1852.5,1555.0],[1852.5,1554.0],[1853.0,1553.5],[1853.5,1553.0],[1853.5,1552.0],[1853.5,1551.0],[1853.5,1550.0],[1853.5,1549.0],[1853.5,1548.0],[1853.5,1547.0],[1853.5,1546.0],[1853.5,1545.0],[1854.0,1544.5],[1854.5,1544.0],[1854.5,1543.0],[1854.5,1542.0],[1854.5,1541.0],[1854.0,1540.5],[1853.5,1540.0],[1853.0,1539.5],[1852.5,1539.0],[1852.0,1538.5]]",243111.10359955,431095.19033813,105.07982063,,,,,0.003051916,원본사진/DJI_20260826094700_0360_V.JPG,"[""512원본타일/DJI_20260826094700_0360_V__x01536_y01536.png""]","[""512라벨오버레이/DJI_20260826094700_0360_V__x01536_y01536.png""]"
DJI_20260826094700_0360_V.JPG,D000420,DLM,박리,"[[1922.5,1668.0],[1923.0,1668.5],[1923.5,1669.0],[1924.0,1669.5],[1924.5,1670.0],[1925.0,1670.5],[1925.5,1671.0],[1926.0,1671.5],[1926.5,1672.0],[1926.5,1673.0],[1927.0,1673.5],[1927.5,1674.0],[1927.5,1675.0],[1927.5,1676.0],[1928.0,1676.5],[1928.5,1677.0],[1928.5,1678.0],[1928.5,1679.0],[1929.0,1679.5],[1929.5,1680.0],[1929.5,1681.0],[1929.5,1682.0],[1930.0,1682.5],[1930.5,1683.0],[1930.5,1684.0],[1930.5,1685.0],[1930.5,1686.0],[1930.5,1687.0],[1931.0,1687.5],[1931.5,1688.0],[1931.5,1689.0],[1931.5,1690.0],[1931.5,1691.0],[1931.5,1692.0],[1931.5,1693.0],[1931.5,1694.0],[1931.5,1695.0],[1931.5,1696.0],[1931.5,1697.0],[1931.5,1698.0],[1931.5,1699.0],[1931.5,1700.0],[1931.5,1701.0],[1931.5,1702.0],[1931.5,1703.0],[1931.5,1704.0],[1931.5,1705.0],[1931.5,1706.0],[1931.5,1707.0],[1931.5,1708.0],[1931.0,1708.5],[1930.5,1709.0],[1930.5,1710.0],[1930.5,1711.0],[1930.5,1712.0],[1930.5,1713.0],[1930.5,1714.0],[1930.5,1715.0],[1931.0,1715.5],[1931.5,1716.0],[1931.5,1717.0],[1931.5,1718.0],[1932.0,1718.5],[1932.5,1719.0],[1932.5,1720.0],[1932.5,1721.0],[1932.5,1722.0],[1933.0,1722.5],[1933.5,1723.0],[1933.5,1724.0],[1934.0,1724.5],[1934.5,1725.0],[1934.5,1726.0],[1935.0,1726.5],[1935.5,1727.0],[1936.0,1727.5],[1936.5,1728.0],[1937.0,1728.5],[1938.0,1728.5],[1939.0,1728.5],[1939.5,1729.0],[1940.0,1729.5]]",243111.01396942,431095.13756561,104.99642181,,,,,0.0020173082,원본사진/DJI_20260826094700_0360_V.JPG,"[""512원본타일/DJI_20260826094700_0360_V__x01536_y01536.png""]","[""512라벨오버레이/DJI_20260826094700_0360_V__x01536_y01536.png""]"
DJI_20260826094700_0360_V.JPG,D000421,DLM,박리,"[[1946.0,1787.5],[1945.5,1788.0],[1945.5,1789.0],[1945.5,1790.0],[1944.5,1791.0],[1944.5,1792.0],[1944.0,1792.5],[1943.5,1793.0],[1942.5,1794.0],[1942.5,1795.0],[1942.0,1795.5],[1941.5,1796.0],[1940.5,1797.0],[1940.5,1798.0],[1940.0,1798.5],[1939.5,1800.0],[1939.0,1800.5],[1938.5,1801.0],[1938.5,1802.0],[1938.5,1804.0],[1938.0,1804.5],[1937.5,1805.0],[1937.5,1806.0],[1936.5,1807.0],[1936.5,1808.0],[1936.0,1808.5],[1935.5,1809.0],[1935.0,1810.5],[1934.5,1811.0],[1934.5,1812.0],[1934.0,1813.5],[1933.5,1814.0],[1933.5,1815.0],[1933.0,1815.5],[1932.5,1817.0],[1932.0,1817.5],[1931.5,1818.0],[1931.5,1819.0],[1930.5,1820.0],[1930.5,1821.0],[1930.5,1822.0],[1930.0,1822.5],[1929.5,1824.0],[1929.0,1824.5],[1928.5,1825.0],[1928.5,1827.0],[1928.5,1828.0],[1928.0,1828.5],[1927.5,1829.0],[1927.5,1831.0],[1927.0,1831.5],[1926.5,1832.0],[1926.5,1833.0],[1926.5,1835.0],[1926.5,1836.0],[1926.0,1836.5],[1925.5,1837.0],[1925.5,1839.0],[1925.0,1839.5],[1924.5,1840.0],[1924.0,1841.5],[1923.5,1842.0],[1923.5,1843.0],[1923.5,1844.0],[1922.5,1845.0],[1922.5,1846.0],[1922.5,1847.0],[1922.0,1847.5],[1921.0,1848.5],[1920.5,1849.0],[1920.5,1850.0],[1920.5,1851.0],[1920.5,1853.0],[1920.5,1854.0],[1920.5,1855.0],[1921.0,1856.5],[1921.5,1857.0],[1921.5,1858.0],[1921.5,1859.0],[1921.5,1861.0],[1921.5,1862.0],[1921.5,1863.0],[1921.5,1864.0],[1921.5,1866.0],[1921.5,1867.0],[1921.5,1868.0],[1921.5,1869.0],[1921.5,1871.0],[1922.0,1871.5],[1922.5,1872.0],[1922.5,1874.0],[1922.5,1875.0],[1922.5,1876.0],[1922.5,1877.0],[1922.5,1879.0],[1922.0,1879.5],[1921.5,1880.0],[1921.5,1881.0],[1921.5,1883.0],[1921.5,1884.0],[1921.5,1885.0],[1921.5,1886.0],[1921.5,1888.0],[1921.5,1889.0],[1921.5,1890.0],[1921.5,1892.0],[1921.5,1893.0],[1921.5,1894.0],[1921.5,1895.0],[1922.0,1896.5],[1922.5,1897.0],[1922.5,1898.0],[1922.5,1899.0],[1922.5,1901.0],[1923.0,1901.5],[1923.5,1902.0],[1923.5,1903.0],[1923.5,1905.0],[1924.0,1905.5],[1924.5,1906.0],[1924.5,1908.0],[1925.0,1908.5],[1925.5,1909.0],[1926.0,1909.5],[1926.5,1911.0],[1926.5,1912.0],[1927.0,1912.5],[1927.5,1913.0],[1927.5,1915.0],[1927.5,1916.0],[1927.5,1917.0],[1927.5,1918.0],[1927.5,1920.0],[1927.5,1921.0],[1927.5,1922.0],[1928.5,1923.0],[1928.5,1924.0],[1928.5,1925.0],[1928.5,1926.0],[1928.5,1928.0],[1928.5,1929.0],[1928.5,1930.0],[1929.0,1930.5],[1929.5,1932.0],[1929.5,1933.0],[1929.5,1934.0],[1929.5,1935.0],[1929.5,1937.0],[1930.0,1937.5],[1930.5,1938.0],[1930.5,1940.0],[1930.5,1941.0],[1930.5,1942.0],[1930.5,1943.0],[1931.5,1944.0],[1931.5,1945.0],[1931.5,1946.0],[1931.5,1947.0],[1931.5,1949.0],[1931.5,1950.0],[1931.5,1951.0],[1931.0,1951.5],[1930.5,1953.0],[1930.5,1954.0],[1930.5,1955.0],[1930.5,1957.0],[1930.5,1958.0],[1930.5,1959.0],[1930.5,1960.0],[1930.0,1961.5],[1929.5,1962.0],[1929.5,1963.0],[1929.5,1964.0],[1929.5,1966.0],[1929.5,1967.0],[1929.5,1968.0],[1929.5,1969.0],[1928.5,1970.0],[1928.5,1971.0],[1928.5,1972.0],[1928.5,1974.0],[1928.5,1975.0],[1928.5,1976.0],[1928.5,1977.0],[1927.5,1978.0],[1927.5,1979.0],[1927.5,1980.0],[1927.5,1981.0],[1927.5,1983.0],[1927.5,1984.0],[1927.0,1984.5],[1926.5,1985.0],[1926.5,1987.0],[1926.5,1988.0],[1926.0,1988.5],[1925.5,1990.0],[1925.0,1990.5],[1924.5,1991.0],[1924.5,1992.0],[1924.0,1993.5],[1923.5,1994.0],[1923.5,1995.0],[1923.5,1996.0],[1923.5,1998.0],[1923.0,1998.5],[1922.5,1999.0],[1922.5,2000.0],[1922.5,2002.0],[1922.5,2003.0],[1922.5,2004.0],[1922.5,2006.0],[1922.5,2007.0],[1922.5,2008.0],[1922.5,2009.0],[1922.5,2011.0],[1922.5,2012.0],[1922.0,2012.5],[1921.5,2013.0],[1921.5,2015.0],[1921.5,2016.0],[1922.0,2016.5],[1922.5,2017.0],[1922.5,2019.0],[1922.0,2019.5],[1921.5,2020.0],[1922.0,2021.5],[1922.5,2022.0],[1922.5,2023.0],[1922.5,2024.0],[1922.0,2025.5],[1921.5,2026.0],[1921.5,2027.0],[1921.5,2028.0],[1921.5,2030.0],[1921.0,2030.5],[1920.5,2031.0],[1920.5,2032.0],[1920.5,2034.0],[1920.5,2035.0],[1920.0,2035.5],[1919.5,2037.0],[1919.5,2038.0],[1919.5,2039.0],[1919.5,2040.0],[1919.5,2042.0],[1919.5,2043.0],[1919.5,2044.0],[1919.5,2045.0],[1919.5,2047.0],[1919.5,2048.0],[1919.5,2049.0],[1919.5,2050.0],[1919.5,2052.0],[1919.5,2053.0],[1919.5,2054.0],[1918.5,2055.0]]",243111.01887131,431095.14346313,104.89326096,,,,,0.008722306,원본사진/DJI_20260826094700_0360_V.JPG,"[""512원본타일/DJI_20260826094700_0360_V__x01536_y01536.png"",""512원본타일/DJI_20260826094700_0360_V__x01536_y02048.png""]","[""512라벨오버레이/DJI_20260826094700_0360_V__x01536_y01536.png"",""512라벨오버레이/DJI_20260826094700_0360_V__x01536_y02048.png""]"
DJI_20260826094700_0360_V.JPG,D000422,DLM,박리,"[[2005.0,2200.5],[2004.5,2201.0],[2004.5,2202.0],[2004.5,2203.0],[2004.5,2204.0],[2004.0,2204.5],[2003.5,2205.0],[2003.5,2206.0],[2003.0,2206.5],[2002.5,2207.0],[2002.5,2208.0],[2002.0,2208.5],[2001.5,2209.0],[2001.5,2210.0],[2001.5,2211.0],[2001.0,2211.5],[2000.5,2212.0],[2000.5,2213.0],[2000.5,2214.0],[2000.0,2214.5],[1999.5,2215.0],[1999.5,2216.0],[1999.0,2216.5],[1998.5,2217.0],[1998.5,2218.0],[1998.5,2219.0],[1998.5,2220.0],[1998.0,2220.5],[1997.5,2221.0],[1997.5,2222.0],[1997.0,2222.5],[1996.5,2223.0],[1996.5,2224.0],[1996.0,2224.5],[1995.5,2225.0],[1995.0,2225.5],[1994.5,2226.0],[1994.5,2227.0],[1994.0,2227.5],[1993.5,2228.0],[1993.0,2228.5],[1992.5,2229.0],[1992.0,2229.5],[1991.5,2230.0],[1991.0,2230.5],[1990.5,2231.0],[1990.0,2231.5],[1989.5,2232.0],[1989.0,2232.5],[1988.5,2233.0],[1988.5,2234.0],[1988.0,2234.5],[1987.5,2235.0],[1987.0,2235.5],[1986.5,2236.0],[1986.0,2236.5],[1985.5,2237.0],[1985.0,2237.5],[1984.5,2238.0],[1984.0,2238.5],[1983.5,2239.0],[1983.0,2239.5],[1982.5,2240.0],[1982.5,2241.0],[1982.0,2241.5],[1981.5,2242.0],[1981.0,2242.5],[1980.5,2243.0],[1980.0,2243.5],[1979.5,2244.0],[1979.0,2244.5],[1978.5,2245.0],[1978.0,2245.5],[1977.5,2246.0],[1977.0,2246.5],[1976.0,2246.5],[1975.5,2247.0],[1975.0,2247.5],[1974.5,2248.0],[1974.0,2248.5],[1973.0,2248.5],[1972.5,2249.0],[1972.0,2249.5],[1971.5,2250.0],[1971.0,2250.5],[1970.5,2251.0],[1970.0,2251.5],[1969.5,2252.0],[1969.5,2253.0],[1969.0,2253.5],[1968.5,2254.0],[1968.0,2254.5],[1967.5,2255.0],[1967.5,2256.0],[1967.0,2256.5],[1966.5,2257.0],[1966.5,2258.0],[1966.0,2258.5],[1965.5,2259.0],[1965.5,2260.0],[1965.0,2260.5],[1964.5,2261.0],[1964.5,2262.0],[1964.0,2262.5],[1963.5,2263.0],[1963.5,2264.0],[1963.0,2264.5],[1962.5,2265.0],[1962.5,2266.0],[1962.5,2267.0],[1962.0,2267.5],[1961.5,2268.0],[1961.5,2269.0],[1961.5,2270.0],[1961.5,2271.0],[1961.5,2272.0],[1961.5,2273.0],[1961.5,2274.0],[1962.0,2274.5],[1962.5,2275.0],[1962.5,2276.0],[1962.5,2277.0],[1962.5,2278.0],[1962.5,2279.0],[1962.5,2280.0],[1962.5,2281.0],[1962.0,2281.5],[1961.5,2282.0],[1961.5,2283.0],[1961.5,2284.0],[1961.5,2285.0],[1961.0,2285.5],[1960.5,2286.0],[1960.5,2287.0],[1960.0,2287.5],[1959.5,2288.0],[1959.5,2289.0],[1959.5,2290.0],[1959.0,2290.5],[1958.5,2291.0],[1958.5,2292.0],[1958.5,2293.0],[1958.5,2294.0],[1958.5,2295.0],[1958.5,2296.0],[1958.5,2297.0],[1958.5,2298.0],[1958.5,2299.0],[1958.5,2300.0],[1958.5,2301.0],[1958.5,2302.0],[1958.5,2303.0],[1958.5,2304.0],[1958.5,2305.0],[1958.5,2306.0],[1958.5,2307.0],[1958.0,2307.5],[1957.5,2308.0],[1957.5,2309.0],[1957.5,2310.0],[1957.5,2311.0],[1957.5,2312.0],[1957.5,2313.0],[1957.5,2314.0],[1957.5,2315.0],[1957.5,2316.0],[1957.0,2316.5],[1956.5,2317.0],[1956.5,2318.0],[1956.5,2319.0],[1956.5,2320.0],[1956.0,2320.5],[1955.5,2321.0],[1955.5,2322.0],[1955.0,2322.5],[1954.5,2323.0],[1954.0,2323.5],[1953.5,2324.0],[1953.0,2324.5],[1952.5,2325.0],[1952.0,2325.5],[1951.5,2326.0],[1951.0,2326.5],[1950.5,2327.0],[1950.5,2328.0],[1950.5,2329.0],[1950.5,2330.0],[1950.0,2330.5],[1949.5,2331.0],[1949.5,2332.0],[1949.5,2333.0],[1949.0,2333.5],[1948.5,2334.0],[1948.5,2335.0],[1948.5,2336.0],[1948.5,2337.0],[1948.5,2338.0],[1948.5,2339.0],[1948.5,2340.0],[1948.5,2341.0],[1949.0,2341.5],[1949.5,2342.0],[1950.0,2342.5],[1950.5,2343.0],[1951.0,2343.5],[1951.5,2344.0],[1951.5,2345.0],[1951.5,2346.0],[1951.5,2347.0],[1951.5,2348.0],[1951.5,2349.0],[1951.5,2350.0],[1951.5,2351.0],[1951.5,2352.0],[1951.5,2353.0],[1951.5,2354.0],[1951.5,2355.0],[1951.5,2356.0],[1951.0,2356.5],[1950.5,2357.0],[1950.0,2357.5],[1949.0,2357.5],[1948.0,2357.5],[1947.5,2358.0],[1947.0,2358.5],[1946.0,2358.5],[1945.5,2359.0],[1945.0,2359.5],[1944.0,2359.5],[1943.5,2360.0],[1943.0,2360.5],[1942.5,2361.0],[1942.0,2361.5],[1941.5,2362.0],[1941.0,2362.5],[1940.0,2362.5],[1939.0,2362.5],[1938.5,2363.0],[1938.0,2363.5],[1937.0,2363.5],[1936.5,2364.0]]",243110.98661804,431095.10533905,104.68830299,,,,,0.0048020234,원본사진/DJI_20260826094700_0360_V.JPG,"[""512원본타일/DJI_20260826094700_0360_V__x01536_y02048.png""]","[""512라벨오버레이/DJI_20260826094700_0360_V__x01536_y02048.png""]"
DJI_20260826094700_0360_V.JPG,D000423,DLM,박리,"[[1947.5,2366.0],[1948.0,2366.5],[1949.0,2366.5],[1950.0,2366.5],[1951.0,2366.5],[1952.0,2366.5],[1953.0,2366.5],[1954.0,2366.5],[1954.5,2367.0],[1955.0,2367.5],[1956.0,2367.5],[1957.0,2367.5],[1958.0,2367.5],[1958.5,2368.0],[1959.0,2368.5],[1960.0,2368.5],[1961.0,2368.5],[1962.0,2368.5],[1962.5,2369.0],[1963.0,2369.5],[1964.0,2369.5],[1965.0,2369.5],[1966.0,2369.5],[1966.5,2370.0],[1967.0,2370.5],[1968.0,2370.5],[1969.0,2370.5],[1970.0,2370.5],[1970.5,2371.0],[1971.0,2371.5],[1972.0,2371.5],[1973.0,2371.5],[1973.5,2372.0],[1974.0,2372.5],[1975.0,2372.5],[1975.5,2373.0],[1976.0,2373.5],[1977.0,2373.5],[1977.5,2374.0],[1978.0,2374.5],[1979.0,2374.5],[1980.0,2374.5],[1980.5,2375.0],[1981.0,2375.5],[1982.0,2375.5],[1983.0,2375.5],[1983.5,2376.0],[1984.0,2376.5],[1985.0,2376.5],[1985.5,2377.0],[1986.0,2377.5],[1987.0,2377.5],[1988.0,2377.5],[1989.0,2377.5],[1989.5,2378.0],[1990.0,2378.5],[1991.0,2378.5],[1992.0,2378.5],[1993.0,2378.5],[1993.5,2379.0],[1994.0,2379.5],[1995.0,2379.5],[1996.0,2379.5],[1997.0,2379.5],[1997.5,2380.0],[1998.0,2380.5],[1999.0,2380.5],[2000.0,2380.5],[2001.0,2380.5],[2001.5,2381.0],[2002.0,2381.5],[2003.0,2381.5],[2004.0,2381.5],[2004.5,2382.0],[2005.0,2382.5],[2006.0,2382.5],[2007.0,2382.5],[2008.0,2382.5],[2009.0,2382.5],[2010.0,2382.5],[2011.0,2382.5],[2012.0,2382.5],[2013.0,2382.5],[2014.0,2382.5],[2015.0,2382.5],[2016.0,2382.5],[2017.0,2382.5],[2018.0,2382.5],[2019.0,2382.5],[2019.5,2383.0],[2020.0,2383.5],[2021.0,2383.5],[2022.0,2383.5],[2023.0,2383.5],[2023.5,2384.0],[2024.0,2384.5],[2025.0,2384.5],[2025.5,2385.0],[2026.0,2385.5],[2027.0,2385.5],[2027.5,2386.0],[2028.0,2386.5],[2029.0,2386.5],[2030.0,2386.5],[2030.5,2387.0],[2031.0,2387.5],[2032.0,2387.5],[2032.5,2388.0],[2033.0,2388.5],[2034.0,2388.5],[2034.5,2389.0],[2035.0,2389.5],[2036.0,2389.5],[2036.5,2390.0],[2037.0,2390.5],[2038.0,2390.5],[2038.5,2391.0],[2039.0,2391.5],[2040.0,2391.5],[2040.5,2392.0],[2041.0,2392.5],[2041.5,2393.0],[2042.0,2393.5],[2042.5,2394.0],[2043.0,2394.5],[2044.0,2394.5],[2044.5,2395.0],[2045.0,2395.5],[2045.5,2396.0],[2046.0,2396.5],[2046.5,2397.0],[2046.5,2398.0],[2047.0,2398.5],[2048.0,2398.5],[2048.5,2399.0],[2048.5,2400.0],[2048.5,2401.0],[2048.5,2402.0],[2048.5,2403.0],[2048.5,2404.0],[2048.5,2405.0],[2048.5,2406.0],[2048.5,2407.0],[2049.0,2407.5],[2049.5,2408.0],[2049.5,2409.0],[2049.5,2410.0],[2050.0,2410.5]]",243111.00946426,431095.09337616,104.58948708,,,,,0.0035010224,원본사진/DJI_20260826094700_0360_V.JPG,"[""512원본타일/DJI_20260826094700_0360_V__x01536_y02048.png"",""512원본타일/DJI_20260826094700_0360_V__x02048_y02048.png""]","[""512라벨오버레이/DJI_20260826094700_0360_V__x01536_y02048.png"",""512라벨오버레이/DJI_20260826094700_0360_V__x02048_y02048.png""]"
DJI_20260826094700_0360_V.JPG,D000424,DLM,박리,"[[1922.0,2967.5],[1920.0,2969.5],[1918.5,2973.0],[1916.0,2975.5],[1914.0,2978.5],[1912.5,2982.0],[1910.5,2985.0],[1909.5,2989.0],[1908.5,2993.0],[1907.5,2997.0],[1905.5,3000.0],[1904.5,3004.0],[1906.5,3007.0],[1908.0,3009.5],[1911.0,3011.5],[1911.5,3016.0],[1911.5,3021.0],[1910.5,3025.0],[1909.5,3029.0],[1908.5,3033.0],[1906.5,3035.0],[1903.5,3036.0],[1902.5,3040.0],[1901.5,3044.0],[1899.5,3044.0],[1898.5,3041.0],[1895.0,3039.5],[1891.5,3041.0],[1888.5,3043.0],[1889.5,3047.0],[1891.5,3050.0],[1893.0,3053.5],[1894.0,3056.5],[1892.5,3060.0],[1890.0,3062.5],[1889.0,3066.5],[1886.5,3069.0],[1886.0,3071.5],[1885.0,3074.5],[1882.5,3077.0],[1884.5,3080.0],[1886.0,3083.5],[1888.0,3086.5],[1887.0,3089.5],[1884.5,3092.0],[1885.5,3096.0],[1884.5,3100.0],[1883.5,3104.0],[1882.5,3108.0],[1882.0,3111.5],[1883.0,3114.5],[1887.0,3115.5],[1890.0,3117.5],[1892.0,3120.5],[1893.5,3124.0],[1896.0,3126.5],[1898.5,3129.0],[1901.0,3131.5],[1904.0,3133.5],[1906.5,3136.0],[1908.5,3139.0],[1910.0,3141.5],[1910.5,3146.0],[1911.5,3150.0],[1913.5,3153.0],[1913.5,3158.0],[1911.0,3160.5],[1909.5,3164.0],[1907.5,3167.0],[1905.5,3170.0],[1903.5,3173.0],[1901.0,3175.5],[1900.5,3180.0],[1899.5,3183.0],[1899.5,3188.0],[1897.5,3191.0],[1895.5,3194.0],[1892.0,3195.5],[1888.5,3197.0],[1885.0,3198.5],[1882.5,3201.0],[1881.0,3204.5],[1880.5,3209.0],[1880.5,3214.0],[1879.5,3218.0],[1878.5,3222.0],[1876.5,3224.0],[1874.0,3226.5],[1871.5,3229.0],[1868.5,3231.0],[1865.0,3232.5],[1861.0,3233.5],[1858.5,3236.0],[1856.0,3238.5],[1853.0,3240.5],[1851.0,3243.5],[1849.5,3247.0],[1847.5,3250.0],[1847.5,3254.0],[1849.0,3257.5],[1850.5,3261.0],[1852.5,3264.0],[1855.5,3266.0],[1857.5,3269.0],[1854.5,3271.0],[1850.0,3271.5],[1845.5,3272.0],[1842.0,3273.5],[1839.0,3275.5],[1841.0,3277.5],[1844.0,3278.5],[1844.5,3281.0],[1842.0,3283.5],[1839.0,3285.5],[1840.5,3288.0],[1844.0,3289.5],[1847.0,3291.5],[1851.0,3292.5],[1855.5,3293.0],[1858.0,3295.5],[1859.0,3298.5],[1856.5,3300.0],[1854.5,3298.0],[1851.5,3296.0],[1849.0,3297.5],[1846.0,3299.5],[1842.5,3301.0],[1847.0,3301.5],[1852.0,3301.5],[1857.0,3301.5],[1862.0,3301.5],[1865.5,3302.0],[1865.5,3299.0],[1867.0,3295.5],[1870.0,3294.5],[1873.0,3294.5],[1878.0,3294.5],[1881.5,3296.0],[1880.0,3299.5],[1877.0,3301.5],[1873.0,3300.5],[1873.5,3302.0],[1875.5,3305.0],[1879.0,3304.5],[1881.0,3307.5],[1885.0,3308.5],[1887.0,3308.5],[1890.0,3306.5],[1894.0,3305.5],[1896.0,3302.5],[1900.5,3302.0],[1898.0,3299.5],[1895.5,3297.0],[1899.0,3295.5],[1899.5,3293.0],[1896.0,3291.5],[1892.0,3290.5],[1890.0,3287.5],[1887.5,3286.0],[1884.5,3287.0],[1883.0,3290.5],[1880.0,3290.5],[1878.0,3287.5],[1874.0,3286.5],[1870.0,3287.5],[1866.0,3286.5],[1861.5,3287.0],[1857.5,3287.0],[1854.5,3285.0],[1851.5,3283.0],[1849.5,3280.0],[1852.0,3278.5],[1854.5,3276.0],[1859.0,3275.5],[1863.5,3276.0],[1866.0,3276.5],[1870.0,3275.5],[1875.0,3275.5],[1880.0,3275.5],[1884.0,3274.5],[1887.0,3272.5],[1891.0,3271.5],[1895.0,3270.5],[1897.5,3269.0],[1900.0,3266.5],[1903.0,3264.5],[1907.0,3265.5],[1911.0,3266.5],[1912.5,3270.0],[1912.0,3274.5],[1911.5,3279.0],[1912.5,3283.0],[1912.5,3288.0],[1911.5,3292.0],[1911.5,3297.0],[1910.5,3300.0],[1911.0,3304.5],[1912.0,3308.5],[1912.5,3313.0],[1913.0,3317.5],[1914.5,3321.0],[1915.5,3325.0],[1915.5,3330.0],[1915.5,3335.0],[1914.5,3339.0],[1913.0,3342.5],[1911.0,3345.5],[1909.5,3348.0],[1908.5,3352.0],[1908.5,3357.0],[1909.5,3361.0],[1907.5,3364.0],[1904.0,3365.5],[1902.0,3368.5],[1899.0,3370.5],[1895.0,3369.5],[1893.0,3366.5],[1888.0,3366.5],[1884.0,3365.5],[1880.0,3365.5],[1875.5,3366.0],[1872.0,3365.5],[1867.0,3365.5],[1863.0,3364.5],[1859.0,3363.5],[1854.5,3363.0],[1850.0,3362.5],[1846.0,3363.5],[1842.5,3362.0],[1839.0,3360.5],[1835.0,3359.5],[1832.0,3360.5],[1828.0,3361.5],[1824.0,3362.5],[1819.0,3362.5],[1814.0,3362.5],[1810.0,3363.5],[1805.5,3364.0],[1801.0,3364.5],[1796.0,3364.5],[1792.0,3365.5],[1788.0,3364.5],[1783.0,3364.5],[1779.0,3364.5],[1774.0,3364.5],[1769.5,3365.0],[1765.0,3365.5],[1761.5,3367.0],[1758.5,3369.0],[1755.5,3371.0],[1753.0,3373.5],[1749.5,3375.0],[1746.5,3377.0],[1743.0,3378.5],[1740.0,3380.5],[1736.5,3382.0]]",243111.05529404,431095.22686005,104.18511009,,,,,0.0400213185,원본사진/DJI_20260826094700_0360_V.JPG,"[""512원본타일/DJI_20260826094700_0360_V__x01536_y02560.png"",""512원본타일/DJI_20260826094700_0360_V__x01536_y03072.png""]","[""512라벨오버레이/DJI_20260826094700_0360_V__x01536_y02560.png"",""512라벨오버레이/DJI_20260826094700_0360_V__x01536_y03072.png""]"
DJI_20260826094700_0360_V.JPG,D000425,DLM,박리,"[[2119.5,2860.0],[2119.0,2859.5],[2118.0,2859.5],[2117.0,2859.5],[2116.0,2859.5],[2115.0,2859.5],[2114.0,2859.5],[2113.0,2859.5],[2112.0,2859.5],[2111.0,2859.5],[2110.0,2859.5],[2109.0,2859.5],[2108.0,2859.5],[2107.0,2859.5],[2106.0,2859.5],[2105.0,2859.5],[2104.0,2859.5],[2103.0,2859.5],[2102.0,2859.5],[2101.0,2859.5],[2100.0,2859.5],[2099.0,2859.5],[2098.0,2859.5],[2097.0,2859.5],[2096.0,2859.5],[2095.0,2859.5],[2094.0,2859.5],[2093.0,2859.5],[2092.0,2859.5],[2091.0,2859.5],[2090.0,2859.5],[2089.0,2859.5],[2088.5,2859.0],[2088.0,2858.5],[2087.0,2858.5],[2086.0,2858.5],[2085.0,2858.5],[2084.0,2858.5],[2083.0,2858.5],[2082.0,2858.5],[2081.0,2858.5],[2080.0,2858.5],[2079.0,2858.5],[2078.0,2858.5],[2077.0,2858.5],[2076.0,2858.5],[2075.5,2858.0],[2075.0,2857.5],[2074.0,2857.5],[2073.0,2857.5],[2072.0,2857.5],[2071.0,2857.5],[2070.0,2857.5],[2069.0,2857.5],[2068.0,2857.5],[2067.0,2857.5],[2066.5,2857.0],[2066.0,2856.5],[2065.0,2856.5],[2064.0,2856.5],[2063.0,2856.5],[2062.0,2856.5],[2061.0,2856.5],[2060.0,2856.5],[2059.0,2856.5],[2058.0,2856.5],[2057.5,2857.0],[2057.0,2857.5],[2056.0,2857.5],[2055.0,2857.5],[2054.0,2857.5],[2053.0,2857.5],[2052.0,2857.5],[2051.0,2857.5],[2050.0,2857.5],[2049.5,2858.0],[2049.0,2858.5],[2048.0,2858.5],[2047.5,2858.0],[2047.5,2857.0],[2047.5,2856.0],[2047.5,2855.0],[2047.5,2854.0],[2047.5,2853.0],[2047.5,2852.0],[2047.5,2851.0],[2047.5,2850.0],[2047.5,2849.0],[2047.5,2848.0],[2047.5,2847.0],[2047.5,2846.0],[2047.5,2845.0],[2047.5,2844.0],[2047.5,2843.0],[2047.5,2842.0],[2047.5,2841.0],[2047.5,2840.0],[2047.5,2839.0],[2047.5,2838.0],[2047.5,2837.0],[2047.5,2836.0],[2047.5,2835.0],[2047.0,2834.5],[2046.5,2834.0],[2046.0,2833.5],[2045.0,2833.5],[2044.0,2833.5],[2043.5,2833.0],[2043.0,2832.5],[2042.0,2832.5],[2041.0,2832.5],[2040.5,2832.0],[2040.0,2831.5],[2039.0,2831.5],[2038.5,2832.0],[2038.0,2832.5],[2037.5,2832.0],[2037.0,2831.5],[2036.5,2831.0],[2036.5,2830.0],[2036.5,2829.0],[2036.0,2828.5],[2035.5,2828.0],[2035.5,2827.0],[2035.0,2826.5],[2034.5,2826.0],[2034.5,2825.0],[2034.0,2824.5],[2033.5,2824.0],[2033.0,2823.5],[2032.5,2823.0],[2032.0,2822.5],[2031.0,2822.5],[2030.5,2822.0],[2030.0,2821.5],[2029.0,2821.5],[2028.0,2821.5],[2027.5,2822.0],[2027.0,2822.5],[2026.5,2823.0],[2026.0,2823.5],[2025.5,2824.0],[2025.0,2824.5],[2024.5,2825.0],[2024.0,2825.5],[2023.5,2825.0],[2023.0,2824.5],[2022.5,2824.0],[2022.0,2823.5],[2021.5,2823.0],[2021.0,2822.5],[2020.5,2822.0],[2020.5,2821.0],[2021.0,2820.5],[2021.5,2820.0],[2022.0,2819.5],[2023.0,2819.5],[2023.5,2819.0],[2024.0,2818.5],[2024.5,2818.0],[2024.0,2817.5],[2023.5,2817.0],[2023.5,2816.0],[2023.5,2815.0],[2023.0,2814.5],[2022.5,2814.0],[2022.5,2813.0],[2022.0,2812.5],[2021.5,2812.0],[2021.5,2811.0],[2021.5,2810.0],[2021.0,2809.5],[2020.5,2809.0],[2020.5,2808.0],[2020.0,2807.5],[2019.5,2807.0],[2019.5,2806.0],[2019.5,2805.0],[2019.5,2804.0],[2019.5,2803.0],[2020.0,2802.5],[2020.5,2802.0],[2020.5,2801.0],[2020.5,2800.0],[2020.0,2799.5],[2019.5,2799.0],[2019.5,2798.0],[2019.0,2797.5],[2018.5,2797.0],[2018.5,2796.0],[2018.5,2795.0],[2018.5,2794.0],[2018.5,2793.0],[2018.5,2792.0],[2018.5,2791.0],[2018.0,2790.5],[2017.5,2790.0],[2017.0,2789.5],[2016.5,2789.0],[2016.0,2788.5],[2015.5,2788.0],[2015.0,2787.5],[2014.0,2787.5],[2013.5,2787.0],[2013.5,2786.0],[2013.0,2785.5],[2012.5,2785.0],[2012.5,2784.0],[2012.5,2783.0],[2012.5,2782.0],[2012.0,2781.5],[2011.5,2781.0],[2011.0,2780.5],[2010.5,2780.0],[2010.0,2779.5],[2009.5,2779.0],[2009.5,2778.0],[2009.0,2777.5],[2008.5,2777.0],[2008.5,2776.0],[2008.0,2775.5],[2007.5,2775.0],[2007.5,2774.0],[2008.0,2773.5],[2008.5,2773.0],[2008.5,2772.0],[2008.0,2771.5],[2007.5,2771.0],[2007.5,2770.0],[2007.0,2769.5]]",243111.13405991,431095.08955383,104.32872009,,,,,0.0035278218,원본사진/DJI_20260826094700_0360_V.JPG,"[""512원본타일/DJI_20260826094700_0360_V__x02048_y02560.png"",""512원본타일/DJI_20260826094700_0360_V__x01536_y02560.png""]","[""512라벨오버레이/DJI_20260826094700_0360_V__x02048_y02560.png"",""512라벨오버레이/DJI_20260826094700_0360_V__x01536_y02560.png""]"
DJI_20260826094700_0360_V.JPG,D000426,DLM,박리,"[[2215.5,2822.0],[2216.0,2822.5],[2217.0,2822.5],[2217.5,2823.0],[2218.0,2823.5],[2219.0,2823.5],[2219.5,2824.0],[2220.0,2824.5],[2221.0,2824.5],[2221.5,2825.0],[2222.0,2825.5],[2223.0,2825.5],[2223.5,2826.0],[2224.0,2826.5],[2225.0,2826.5],[2226.0,2826.5],[2226.5,2827.0],[2227.0,2827.5],[2228.0,2827.5],[2229.0,2827.5],[2229.5,2828.0],[2230.0,2828.5],[2231.0,2828.5],[2231.5,2829.0],[2232.0,2829.5],[2233.0,2829.5],[2233.5,2830.0],[2234.0,2830.5],[2235.0,2830.5],[2236.0,2830.5],[2236.5,2831.0],[2237.0,2831.5],[2238.0,2831.5],[2239.0,2831.5],[2239.5,2832.0],[2240.0,2832.5],[2241.0,2832.5],[2242.0,2832.5],[2243.0,2832.5],[2244.0,2832.5],[2245.0,2832.5],[2246.0,2832.5],[2247.0,2832.5],[2247.5,2833.0],[2248.0,2833.5],[2249.0,2833.5],[2249.5,2833.0],[2250.0,2832.5],[2251.0,2832.5],[2252.0,2832.5],[2253.0,2832.5],[2254.0,2832.5],[2254.5,2832.0],[2255.0,2831.5],[2256.0,2831.5],[2257.0,2831.5],[2258.0,2831.5],[2259.0,2831.5],[2260.0,2831.5],[2260.5,2831.0],[2261.0,2830.5],[2262.0,2830.5],[2263.0,2830.5],[2264.0,2830.5],[2265.0,2830.5],[2266.0,2830.5],[2266.5,2831.0],[2267.0,2831.5],[2268.0,2831.5],[2269.0,2831.5],[2269.5,2832.0],[2270.0,2832.5],[2271.0,2832.5],[2271.5,2833.0],[2272.0,2833.5],[2273.0,2833.5],[2273.5,2834.0],[2274.0,2834.5],[2275.0,2834.5],[2275.5,2835.0],[2276.0,2835.5],[2276.5,2836.0],[2277.0,2836.5],[2278.0,2836.5],[2279.0,2836.5],[2280.0,2836.5],[2281.0,2836.5],[2282.0,2836.5],[2283.0,2836.5],[2284.0,2836.5],[2285.0,2836.5],[2285.5,2836.0],[2286.0,2835.5],[2286.5,2835.0],[2286.5,2834.0],[2287.0,2833.5],[2288.0,2833.5],[2288.5,2834.0],[2289.0,2834.5],[2289.5,2835.0],[2289.5,2836.0],[2289.5,2837.0],[2289.5,2838.0],[2289.5,2839.0],[2289.5,2840.0],[2289.5,2841.0],[2289.5,2842.0],[2289.5,2843.0],[2289.5,2844.0],[2289.5,2845.0],[2289.5,2846.0],[2289.5,2847.0],[2289.5,2848.0],[2289.5,2849.0],[2289.5,2850.0],[2290.0,2850.5],[2290.5,2851.0],[2290.5,2852.0],[2291.0,2852.5],[2292.0,2852.5]]",243111.13175964,431094.98204803,104.31631851,,,,,0.0008913636,원본사진/DJI_20260826094700_0360_V.JPG,"[""512원본타일/DJI_20260826094700_0360_V__x02048_y02560.png""]","[""512라벨오버레이/DJI_20260826094700_0360_V__x02048_y02560.png""]"
DJI_20260826094700_0360_V.JPG,D000427,DLM,박리,"[[1004.0,3414.5],[1006.0,3413.5],[1008.0,3412.5],[1009.5,3411.0],[1011.0,3409.5],[1013.0,3408.5],[1014.5,3407.0],[1016.5,3406.0],[1018.0,3403.5],[1019.5,3402.0],[1021.0,3400.5],[1023.0,3399.5],[1024.5,3398.0],[1026.5,3397.0],[1028.0,3395.5],[1029.5,3394.0],[1031.5,3392.0],[1033.0,3390.5],[1034.5,3389.0],[1036.0,3387.5],[1039.0,3387.5],[1042.0,3387.5],[1045.0,3387.5],[1048.0,3387.5],[1052.0,3387.5],[1055.0,3387.5],[1058.0,3387.5],[1061.0,3387.5],[1064.0,3387.5],[1067.0,3387.5],[1070.0,3387.5],[1072.5,3388.0],[1076.0,3388.5],[1078.0,3389.5],[1081.0,3389.5],[1084.0,3389.5],[1086.0,3390.5],[1089.0,3390.5],[1092.0,3390.5],[1094.0,3389.5],[1098.0,3389.5],[1100.5,3389.0],[1103.0,3388.5],[1105.5,3388.0],[1108.0,3387.5],[1111.0,3387.5],[1114.0,3387.5],[1117.0,3387.5],[1121.0,3387.5],[1124.0,3387.5],[1127.0,3387.5],[1130.0,3387.5],[1133.0,3387.5],[1135.5,3388.0],[1138.0,3388.5],[1141.0,3388.5],[1144.0,3389.5],[1147.0,3389.5],[1149.0,3390.5],[1152.0,3390.5],[1154.5,3391.0],[1157.0,3391.5],[1159.0,3390.5],[1161.5,3390.0],[1164.0,3388.5],[1166.0,3387.5],[1169.0,3387.5],[1172.0,3387.5],[1175.0,3387.5],[1178.0,3387.5],[1181.0,3387.5],[1184.0,3387.5],[1187.0,3388.5],[1190.0,3388.5],[1193.0,3388.5],[1196.0,3388.5],[1199.0,3388.5],[1201.5,3388.0],[1204.0,3387.5],[1207.0,3387.5],[1210.0,3386.5],[1212.5,3386.0],[1215.0,3385.5],[1218.0,3385.5],[1220.0,3384.5],[1223.0,3384.5],[1225.0,3383.5],[1228.0,3383.5],[1231.0,3382.5],[1233.0,3381.5],[1236.0,3381.5],[1238.0,3380.5],[1240.5,3380.0],[1243.0,3379.5],[1246.0,3379.5],[1249.0,3379.5],[1253.0,3379.5],[1255.0,3378.5],[1258.0,3378.5],[1261.0,3378.5],[1263.0,3377.5],[1266.0,3377.5],[1268.0,3376.5],[1270.0,3375.5],[1273.0,3374.5],[1275.0,3373.5],[1277.0,3372.5],[1279.0,3371.5],[1282.0,3371.5],[1285.0,3371.5],[1287.5,3372.0],[1290.0,3372.5],[1293.0,3373.5],[1295.0,3374.5],[1297.0,3375.5],[1299.5,3376.0],[1302.0,3376.5],[1304.0,3377.5],[1307.0,3377.5],[1309.5,3378.0],[1312.0,3377.5],[1314.5,3377.0],[1317.0,3376.5],[1319.0,3375.5],[1321.5,3375.0],[1324.0,3374.5],[1327.0,3374.5],[1330.0,3374.5],[1334.0,3374.5],[1337.0,3374.5],[1340.0,3374.5],[1343.0,3374.5],[1346.0,3374.5],[1349.0,3374.5],[1352.0,3374.5],[1355.0,3374.5],[1359.0,3374.5],[1362.0,3374.5],[1364.0,3375.5],[1367.0,3375.5],[1370.0,3375.5],[1373.0,3375.5],[1376.0,3375.5],[1378.0,3374.5],[1381.0,3373.5],[1384.0,3373.5],[1386.5,3373.0],[1389.0,3372.5],[1391.5,3373.0],[1394.0,3373.5],[1397.0,3373.5],[1400.0,3373.5],[1404.0,3373.5],[1407.0,3373.5],[1410.0,3373.5],[1412.0,3374.5],[1415.0,3374.5],[1417.5,3375.0],[1420.0,3375.5],[1423.0,3375.5],[1426.0,3376.5],[1429.0,3376.5],[1431.0,3377.5],[1433.5,3378.0],[1436.0,3378.5],[1439.0,3378.5],[1441.0,3377.5],[1444.0,3377.5],[1448.0,3377.5],[1451.0,3377.5],[1453.5,3377.0],[1456.0,3376.5],[1459.0,3376.5],[1462.0,3376.5],[1465.0,3376.5],[1468.0,3376.5],[1472.0,3376.5],[1475.0,3376.5],[1478.0,3376.5],[1481.0,3376.5],[1484.0,3376.5],[1486.0,3375.5],[1488.5,3375.0],[1490.5,3374.0],[1493.0,3372.5],[1495.5,3372.0],[1498.0,3371.5],[1500.0,3370.5],[1502.5,3370.0],[1504.0,3368.5],[1505.5,3367.0],[1507.0,3365.5],[1509.0,3363.5],[1510.5,3362.0],[1512.5,3361.0],[1514.5,3361.0],[1517.0,3361.5],[1519.5,3361.0],[1522.0,3360.5],[1524.0,3359.5],[1527.0,3358.5],[1530.0,3358.5],[1533.0,3358.5],[1535.0,3359.5],[1538.0,3359.5],[1541.0,3359.5],[1544.0,3359.5],[1547.0,3359.5],[1551.0,3359.5],[1553.5,3360.0],[1555.5,3361.0],[1557.5,3362.0],[1560.0,3362.5],[1561.5,3364.0],[1563.5,3365.0],[1565.0,3366.5],[1568.0,3367.5],[1571.0,3367.5],[1573.0,3368.5],[1576.0,3368.5],[1578.5,3369.0],[1581.0,3369.5],[1584.0,3369.5],[1586.0,3368.5],[1590.0,3368.5],[1593.0,3368.5],[1596.0,3368.5],[1598.0,3369.5],[1600.0,3370.5],[1603.0,3370.5],[1605.0,3371.5],[1607.0,3372.5],[1610.0,3373.5],[1612.5,3374.0],[1614.0,3375.5],[1616.0,3376.5],[1618.5,3377.0],[1621.0,3377.5],[1623.0,3378.5],[1626.0,3378.5],[1628.0,3376.5],[1629.5,3375.0],[1630.5,3373.0],[1632.0,3371.5],[1633.5,3370.0],[1635.0,3368.5],[1637.0,3367.5],[1639.0,3366.5],[1641.5,3365.0],[1642.5,3363.0],[1643.5,3361.0],[1645.0,3359.5],[1646.0,3357.5],[1647.5,3356.0],[1649.0,3354.5],[1652.5,3354.0]]",243110.98368073,431095.48239899,103.9634037,,,,,0.0276466839,원본사진/DJI_20260826094700_0360_V.JPG,"[""512원본타일/DJI_20260826094700_0360_V__x01024_y03072.png"",""512원본타일/DJI_20260826094700_0360_V__x00512_y03072.png"",""512원본타일/DJI_20260826094700_0360_V__x01536_y03072.png""]","[""512라벨오버레이/DJI_20260826094700_0360_V__x01024_y03072.png"",""512라벨오버레이/DJI_20260826094700_0360_V__x00512_y03072.png"",""512라벨오버레이/DJI_20260826094700_0360_V__x01536_y03072.png""]"
DJI_20260826094700_0360_V.JPG,D000428,DLM,박리,"[[3046.5,3391.0],[3048.0,3391.5],[3051.0,3391.5],[3053.0,3392.5],[3054.0,3393.5],[3056.0,3394.5],[3058.0,3395.5],[3059.5,3396.0],[3061.5,3397.0],[3063.5,3398.0],[3065.0,3398.5],[3067.5,3399.0],[3069.5,3400.0],[3070.5,3401.0],[3072.5,3402.0],[3075.0,3402.5],[3076.5,3403.0],[3079.0,3403.5],[3081.5,3404.0],[3083.0,3404.5],[3085.5,3405.0],[3088.0,3405.5],[3090.0,3405.5],[3092.0,3404.5],[3094.0,3405.5],[3096.0,3405.5],[3099.0,3405.5],[3101.0,3406.5],[3103.0,3406.5],[3106.0,3406.5],[3108.0,3407.5],[3109.5,3408.0],[3111.5,3409.0],[3114.0,3409.5],[3115.0,3410.5],[3117.0,3411.5],[3118.5,3413.0],[3120.0,3413.5],[3121.5,3415.0],[3123.0,3416.5],[3124.5,3417.0],[3126.0,3418.5],[3127.5,3420.0],[3129.0,3421.5],[3130.0,3422.5],[3132.0,3423.5],[3133.5,3425.0],[3134.5,3426.0],[3137.0,3426.5],[3139.0,3427.5],[3140.0,3428.5],[3142.0,3429.5],[3144.0,3430.5],[3145.5,3431.0],[3147.0,3432.5],[3149.0,3433.5],[3150.0,3434.5],[3152.0,3435.5],[3153.5,3437.0],[3154.5,3438.0],[3156.0,3439.5],[3158.5,3440.0],[3160.0,3440.5],[3162.5,3441.0],[3165.0,3441.5],[3167.0,3441.5],[3170.0,3441.5],[3173.0,3441.5],[3174.5,3441.0],[3177.0,3440.5],[3180.0,3440.5],[3182.0,3440.5],[3184.5,3441.0],[3187.0,3441.5],[3189.0,3441.5],[3192.0,3441.5],[3195.0,3441.5],[3197.0,3441.5],[3199.0,3442.5],[3202.0,3442.5],[3204.0,3442.5],[3207.0,3442.5],[3209.0,3441.5],[3210.5,3442.0],[3213.0,3442.5],[3215.5,3443.0],[3218.0,3443.5],[3220.0,3443.5],[3223.0,3443.5],[3225.0,3444.5],[3226.5,3445.0],[3229.0,3445.5],[3232.0,3445.5],[3233.0,3446.5],[3236.0,3446.5],[3238.0,3447.5],[3239.0,3448.5],[3241.5,3449.0],[3244.0,3449.5],[3246.0,3449.5],[3248.0,3450.5],[3251.0,3450.5],[3253.0,3450.5],[3256.0,3450.5],[3259.0,3450.5],[3261.0,3450.5],[3263.0,3449.5],[3266.0,3449.5],[3267.0,3448.5],[3270.0,3448.5],[3272.0,3447.5],[3274.0,3447.5],[3276.0,3448.5],[3278.5,3449.0],[3279.5,3450.0],[3281.5,3451.0],[3283.5,3452.0],[3284.5,3453.0],[3286.0,3454.5],[3288.0,3455.5],[3289.0,3456.5],[3290.5,3458.0],[3292.5,3459.0],[3294.0,3459.5],[3296.0,3460.5],[3298.0,3461.5],[3300.0,3461.5],[3302.0,3462.5],[3304.0,3463.5],[3307.0,3463.5],[3308.5,3464.0],[3311.0,3464.5],[3314.0,3464.5],[3316.0,3464.5],[3319.0,3464.5],[3322.0,3464.5],[3323.5,3465.0],[3325.5,3466.0],[3328.0,3466.5],[3330.0,3466.5],[3332.0,3467.5],[3335.0,3467.5],[3337.0,3467.5],[3340.0,3467.5],[3342.0,3468.5],[3344.0,3468.5],[3347.0,3468.5],[3350.0,3468.5],[3352.0,3468.5],[3355.0,3468.5],[3357.0,3467.5],[3359.0,3467.5],[3361.0,3466.5],[3363.5,3466.0],[3365.0,3465.5],[3367.5,3465.0],[3370.0,3464.5],[3371.0,3463.5],[3373.5,3463.0],[3376.0,3462.5],[3377.0,3461.5],[3380.0,3461.5],[3383.0,3461.5],[3384.0,3462.5],[3387.0,3462.5],[3389.0,3463.5],[3391.0,3463.5],[3393.0,3464.5],[3395.0,3465.5],[3397.0,3465.5],[3399.0,3466.5],[3401.5,3467.0],[3404.0,3467.5],[3405.0,3468.5],[3407.5,3468.0],[3410.0,3467.5],[3412.0,3467.5],[3414.0,3466.5],[3416.0,3465.5],[3418.0,3465.5],[3420.0,3464.5],[3423.0,3464.5],[3424.0,3463.5],[3427.0,3463.5],[3429.0,3462.5],[3430.5,3462.0],[3433.0,3461.5],[3436.0,3461.5],[3437.0,3460.5],[3440.0,3460.5],[3443.0,3460.5],[3444.5,3460.0],[3447.0,3459.5],[3449.0,3458.5],[3451.0,3458.5],[3453.0,3457.5],[3456.0,3457.5],[3457.5,3457.0],[3460.0,3456.5],[3463.0,3456.5],[3465.0,3456.5],[3468.0,3456.5],[3471.0,3456.5],[3472.5,3457.0],[3475.0,3457.5],[3478.0,3457.5],[3479.0,3458.5],[3482.0,3458.5],[3484.0,3459.5],[3485.5,3460.0],[3487.0,3461.5],[3488.0,3463.5],[3488.5,3465.0],[3489.5,3467.0],[3491.0,3468.5],[3493.5,3469.0],[3495.0,3469.5],[3498.0,3469.5],[3501.0,3469.5],[3502.5,3469.0],[3505.0,3468.5],[3507.0,3467.5],[3509.0,3467.5],[3512.0,3467.5],[3514.0,3466.5],[3516.0,3466.5],[3518.0,3465.5],[3520.5,3465.0],[3522.0,3464.5],[3525.0,3464.5],[3528.0,3464.5],[3530.0,3464.5],[3533.0,3464.5],[3536.0,3464.5],[3538.0,3464.5],[3541.0,3464.5],[3543.0,3465.5],[3545.0,3465.5],[3547.0,3466.5],[3549.5,3467.0],[3551.0,3467.5],[3554.0,3467.5],[3556.0,3468.5],[3557.5,3469.0],[3560.0,3469.5],[3563.0,3469.5],[3565.0,3469.5],[3568.0,3469.5],[3570.5,3470.0],[3572.0,3470.5],[3574.0,3471.5],[3576.0,3472.5],[3577.5,3473.0],[3580.0,3473.5],[3581.5,3475.0],[3584.0,3475.5]]",243110.85231781,431094.35160065,104.08568001,,,,,0.0173328801,원본사진/DJI_20260826094700_0360_V.JPG,"[""512원본타일/DJI_20260826094700_0360_V__x03072_y03072.png"",""512원본타일/DJI_20260826094700_0360_V__x02560_y03072.png"",""512원본타일/DJI_20260826094700_0360_V__x03584_y03072.png"",""512원본타일/DJI_20260826094700_0360_V__x03072_y03584.png""]","[""512라벨오버레이/DJI_20260826094700_0360_V__x03072_y03072.png"",""512라벨오버레이/DJI_20260826094700_0360_V__x02560_y03072.png"",""512라벨오버레이/DJI_20260826094700_0360_V__x03584_y03072.png"",""512라벨오버레이/DJI_20260826094700_0360_V__x03072_y03584.png""]"
DJI_20260826094700_0360_V.JPG,D000429,DLM,박리,"[[682.0,3446.5],[682.5,3446.0],[683.0,3445.5],[684.0,3445.5],[686.0,3445.5],[687.0,3445.5],[688.0,3445.5],[689.0,3445.5],[691.0,3445.5],[692.0,3445.5],[693.0,3445.5],[694.0,3445.5],[696.0,3445.5],[697.0,3445.5],[698.0,3445.5],[700.0,3445.5],[701.0,3445.5],[702.0,3445.5],[703.0,3445.5],[705.0,3445.5],[706.0,3445.5],[707.0,3445.5],[708.0,3445.5],[709.0,3444.5],[710.0,3444.5],[711.0,3444.5],[712.0,3444.5],[713.0,3445.5],[713.5,3445.0],[714.0,3444.5],[716.0,3444.5],[717.0,3444.5],[718.0,3444.5],[719.0,3444.5],[721.0,3444.5],[722.0,3444.5],[723.0,3444.5],[724.0,3444.5],[725.5,3444.0],[726.0,3443.5],[727.0,3443.5],[728.0,3443.5],[730.0,3443.5],[731.0,3443.5],[732.0,3443.5],[733.0,3442.5],[734.0,3442.5],[735.0,3442.5],[736.0,3442.5],[737.0,3441.5],[738.0,3441.5],[739.0,3441.5],[740.0,3441.5],[742.0,3441.5],[743.0,3441.5],[743.5,3441.0],[744.0,3440.5],[746.0,3440.5],[746.5,3440.0],[747.0,3439.5],[749.0,3439.5],[749.5,3439.0],[750.0,3438.5],[751.0,3438.5],[752.0,3437.5],[753.0,3437.5],[754.0,3437.5],[755.0,3437.5],[757.0,3437.5],[758.0,3437.5],[759.0,3437.5],[760.0,3437.5],[762.0,3437.5],[762.5,3437.0],[763.0,3436.5],[765.0,3436.5],[766.0,3436.5],[767.0,3436.5],[768.0,3436.5],[770.0,3436.5],[771.0,3436.5],[771.5,3437.0],[772.0,3437.5],[774.0,3437.5],[775.0,3437.5],[776.0,3437.5],[777.0,3437.5],[778.0,3438.5],[779.0,3438.5],[779.5,3439.0],[780.5,3440.0],[781.0,3440.5],[781.5,3441.0],[782.0,3441.5],[783.0,3442.5],[784.0,3442.5],[784.5,3443.0],[785.0,3443.5],[786.0,3444.5],[787.0,3444.5],[787.5,3445.0],[788.0,3445.5],[790.0,3445.5],[791.0,3445.5],[792.0,3445.5],[793.0,3446.5],[794.0,3446.5],[795.0,3446.5],[796.0,3446.5],[797.5,3446.0],[798.0,3445.5],[799.0,3445.5],[800.0,3445.5],[802.0,3445.5],[803.0,3445.5],[804.0,3445.5],[805.0,3445.5],[806.5,3445.0],[807.0,3444.5],[808.0,3444.5],[810.0,3444.5],[811.0,3444.5],[812.0,3444.5],[813.0,3444.5],[815.0,3444.5],[816.0,3444.5],[817.0,3444.5],[818.0,3444.5],[820.0,3444.5],[821.0,3444.5],[822.0,3444.5],[823.0,3444.5],[825.0,3444.5],[826.0,3444.5],[827.0,3444.5],[829.0,3444.5],[830.0,3444.5],[831.0,3444.5],[832.0,3444.5],[834.0,3444.5],[835.0,3444.5],[836.0,3444.5],[836.5,3444.0],[838.0,3443.5],[839.0,3443.5],[840.0,3443.5],[840.5,3443.0],[842.0,3442.5],[843.0,3442.5],[844.0,3442.5],[845.0,3441.5],[846.0,3441.5],[847.0,3441.5],[847.5,3441.0],[849.0,3440.5],[850.0,3440.5],[850.5,3440.0],[851.0,3439.5],[853.0,3439.5],[854.0,3439.5],[855.0,3439.5],[856.0,3439.5],[858.0,3439.5],[858.5,3439.0],[859.0,3438.5],[861.0,3438.5],[862.0,3438.5],[863.0,3438.5],[864.0,3438.5],[866.0,3438.5],[867.0,3438.5],[868.0,3438.5],[869.0,3438.5],[871.0,3438.5],[872.0,3438.5],[872.5,3438.0],[873.0,3437.5],[875.0,3437.5],[876.0,3437.5],[877.0,3437.5],[879.0,3437.5],[879.5,3437.0],[880.0,3436.5],[881.0,3436.5],[883.0,3436.5],[884.0,3436.5],[885.0,3436.5],[885.5,3436.0],[887.0,3435.5],[888.0,3435.5],[889.0,3435.5],[889.5,3435.0],[890.5,3434.0],[891.0,3433.5],[891.5,3433.0],[891.5,3431.0],[891.5,3430.0],[892.0,3429.5],[892.5,3429.0],[893.0,3427.5],[894.0,3427.5],[894.5,3427.0],[895.0,3426.5],[896.5,3426.0],[897.0,3425.5],[898.0,3425.5],[899.0,3425.5],[901.0,3425.5],[901.5,3425.0],[902.0,3424.5],[904.0,3424.5],[904.5,3424.0],[905.0,3423.5],[906.0,3423.5],[907.0,3422.5],[908.0,3422.5],[908.5,3422.0],[909.0,3421.5],[911.0,3421.5],[911.5,3421.0],[912.0,3420.5],[913.0,3420.5],[914.5,3420.0],[915.0,3419.5],[916.0,3419.5],[917.5,3419.0],[918.0,3418.5],[919.0,3418.5],[920.0,3418.5],[921.0,3417.5],[922.0,3417.5],[923.0,3417.5],[924.0,3417.5],[925.0,3416.5],[926.0,3416.5],[927.0,3416.5],[928.0,3416.5],[930.0,3416.5],[930.5,3416.0],[931.0,3415.5],[933.0,3415.5],[934.0,3415.5],[935.0,3415.5],[936.0,3415.5],[938.0,3415.5],[938.5,3415.0],[939.0,3414.5],[940.0,3414.5],[942.0,3414.5],[943.0,3414.5],[944.0,3414.5],[945.0,3414.5],[947.0,3414.5],[948.0,3414.5],[949.0,3414.5],[950.5,3414.0]]",243110.88827515,431095.76480103,103.97349358,,,,,0.0043008518,원본사진/DJI_20260826094700_0360_V.JPG,"[""512원본타일/DJI_20260826094700_0360_V__x00512_y03072.png""]","[""512라벨오버레이/DJI_20260826094700_0360_V__x00512_y03072.png""]"
DJI_20260826094700_0360_V.JPG,D000430,DLM,박리,"[[1542.0,3493.5],[1541.5,3494.0]]",243110.96815109,431095.35479736,103.95466804,,,,,1.7006e-06,원본사진/DJI_20260826094700_0360_V.JPG,"[""512원본타일/DJI_20260826094700_0360_V__x01536_y03072.png""]","[""512라벨오버레이/DJI_20260826094700_0360_V__x01536_y03072.png""]"
DJI_20260826094700_0360_V.JPG,D000431,DLM,박리,"[[1908.0,3576.5],[1908.5,3576.0],[1908.5,3575.0],[1908.5,3574.0],[1908.5,3573.0],[1909.0,3572.5],[1909.5,3572.0],[1909.5,3571.0],[1909.5,3570.0],[1909.5,3569.0],[1909.5,3568.0],[1910.0,3567.5],[1910.5,3567.0],[1911.0,3566.5],[1911.5,3566.0],[1912.0,3565.5],[1912.5,3565.0],[1912.5,3564.0],[1913.0,3563.5],[1913.5,3563.0],[1914.0,3562.5],[1914.5,3562.0],[1915.0,3561.5],[1915.5,3561.0],[1916.0,3560.5],[1916.5,3560.0],[1917.0,3559.5],[1917.5,3559.0],[1918.0,3558.5],[1919.0,3558.5],[1919.5,3558.0],[1919.5,3557.0],[1920.0,3556.5],[1920.5,3556.0],[1920.5,3555.0],[1921.0,3554.5],[1921.5,3554.0],[1921.5,3553.0],[1921.5,3552.0],[1921.5,3551.0],[1921.0,3550.5],[1920.5,3550.0],[1920.5,3549.0],[1920.5,3548.0],[1920.0,3547.5],[1919.5,3547.0],[1919.5,3546.0],[1919.0,3545.5],[1918.5,3545.0],[1918.5,3544.0],[1918.5,3543.0],[1918.5,3542.0],[1918.0,3541.5],[1917.5,3541.0],[1917.5,3540.0],[1917.5,3539.0],[1917.5,3538.0],[1917.5,3537.0],[1917.5,3536.0],[1917.5,3535.0],[1917.0,3534.5],[1916.5,3534.0],[1916.5,3533.0],[1916.5,3532.0],[1916.5,3531.0],[1917.0,3530.5],[1917.5,3530.0],[1917.5,3529.0],[1917.5,3528.0],[1917.5,3527.0],[1917.5,3526.0],[1918.0,3525.5],[1918.5,3525.0],[1918.5,3524.0],[1919.0,3523.5],[1919.5,3523.0],[1920.0,3522.5],[1920.5,3522.0],[1920.5,3521.0],[1921.0,3520.5],[1922.0,3520.5],[1922.5,3520.0],[1923.0,3519.5],[1924.0,3519.5],[1924.5,3519.0],[1925.0,3518.5],[1926.0,3518.5],[1926.5,3518.0],[1927.0,3517.5],[1927.5,3517.0],[1928.0,3516.5],[1928.5,3516.0],[1929.0,3515.5],[1929.5,3515.0],[1930.0,3514.5],[1930.5,3514.0],[1930.5,3513.0],[1930.5,3512.0],[1931.0,3511.5],[1931.5,3511.0],[1931.5,3510.0],[1931.5,3509.0],[1931.5,3508.0],[1931.5,3507.0],[1932.0,3506.5],[1932.5,3506.0],[1932.5,3505.0],[1932.5,3504.0],[1932.5,3503.0],[1932.0,3502.5],[1931.5,3502.0],[1931.5,3501.0],[1931.5,3500.0],[1931.5,3499.0],[1932.0,3498.5],[1933.0,3498.5],[1933.5,3498.0],[1933.5,3497.0],[1934.0,3496.5],[1934.5,3496.0],[1935.0,3495.5],[1935.5,3495.0],[1936.0,3494.5],[1937.0,3494.5],[1938.0,3494.5],[1939.0,3494.5],[1940.0,3494.5],[1941.0,3494.5],[1941.5,3494.0],[1942.0,3493.5],[1943.0,3493.5],[1944.0,3493.5],[1944.5,3493.0]]",243110.96311569,431095.10749817,103.94847298,,,,,0.0026283455,원본사진/DJI_20260826094700_0360_V.JPG,"[""512원본타일/DJI_20260826094700_0360_V__x01536_y03072.png"",""512원본타일/DJI_20260826094700_0360_V__x01536_y03584.png""]","[""512라벨오버레이/DJI_20260826094700_0360_V__x01536_y03072.png"",""512라벨오버레이/DJI_20260826094700_0360_V__x01536_y03584.png""]"
DJI_20260826124557_0200_V.JPG,D000592,DLM,박리,"[[78.0,814.5],[77.5,815.0],[77.0,815.5],[76.5,816.0],[76.0,816.5],[75.0,816.5],[74.5,817.0],[74.0,817.5],[73.0,817.5],[72.5,818.0],[72.0,818.5],[71.0,818.5],[70.0,818.5],[69.5,819.0],[69.0,819.5],[68.0,819.5],[67.5,820.0],[67.0,820.5],[66.0,820.5],[65.5,821.0],[65.0,821.5],[64.5,822.0],[64.0,822.5],[63.5,823.0],[63.0,823.5],[62.0,823.5],[61.5,824.0],[61.0,824.5],[60.0,824.5],[59.0,825.5],[58.5,826.0],[58.0,826.5],[57.5,827.0],[57.0,827.5],[56.5,828.0],[56.0,828.5],[55.5,829.0],[55.0,829.5],[54.5,830.0],[54.0,830.5],[53.5,831.0],[53.0,831.5],[52.5,832.0],[52.0,832.5],[51.5,833.0],[51.0,833.5],[50.5,834.0],[50.0,834.5],[49.5,835.0],[49.0,835.5],[48.5,836.0],[48.5,837.0],[48.0,837.5],[47.5,838.0],[47.5,839.0],[47.0,839.5],[46.5,840.0],[47.0,841.5],[47.5,842.0],[48.0,842.5],[48.5,843.0],[49.0,843.5],[49.5,844.0],[50.0,844.5],[51.0,844.5],[51.5,845.0],[52.0,845.5],[53.0,845.5],[53.5,846.0],[54.0,846.5],[54.5,847.0],[55.0,847.5],[55.5,848.0],[56.0,848.5],[56.5,849.0],[57.0,849.5],[57.5,850.0],[58.0,850.5],[58.5,851.0],[58.5,852.0],[58.5,853.0],[59.0,853.5],[59.5,854.0],[59.5,855.0],[59.5,856.0],[58.5,857.0],[58.5,858.0],[58.5,859.0],[58.5,860.0],[58.0,860.5],[57.5,861.0],[57.5,862.0],[57.5,863.0],[57.5,864.0],[57.5,865.0],[57.0,865.5],[56.5,866.0],[56.5,867.0],[56.5,868.0],[56.0,868.5],[55.5,869.0],[55.0,869.5],[54.5,870.0],[54.0,870.5],[53.5,871.0],[53.5,872.0],[53.0,872.5],[52.5,873.0],[52.0,873.5],[51.5,874.0],[51.5,875.0],[51.0,875.5],[50.5,876.0],[50.0,876.5],[49.5,878.0],[49.0,878.5],[48.5,879.0],[48.5,880.0],[48.0,880.5],[47.5,881.0],[47.0,881.5],[46.5,882.0],[46.0,882.5],[45.5,883.0],[45.5,884.0],[45.0,884.5],[44.5,885.0],[44.0,885.5],[43.5,886.0],[43.0,886.5],[42.5,887.0],[42.5,888.0],[42.0,888.5],[41.5,889.0],[41.0,889.5],[40.5,890.0],[40.5,891.0],[40.0,891.5],[39.5,892.0],[39.5,893.0],[39.0,893.5],[38.5,894.0],[38.5,896.0],[38.0,896.5],[37.5,897.0],[37.5,898.0],[37.5,899.0],[37.5,900.0],[37.5,901.0],[37.5,902.0],[37.5,903.0],[37.5,904.0],[37.5,905.0],[37.5,906.0],[37.0,906.5],[36.5,907.0],[36.5,908.0],[36.5,909.0],[36.5,910.0],[36.0,910.5],[35.5,911.0],[35.5,912.0],[35.5,913.0],[35.0,913.5],[34.5,914.0],[34.5,915.0],[34.5,916.0],[34.0,916.5],[33.5,917.0],[33.5,918.0],[32.5,919.0],[32.5,920.0],[32.0,920.5],[31.5,921.0],[31.5,922.0],[31.0,922.5],[30.5,923.0],[30.5,924.0],[30.0,924.5],[29.5,925.0],[29.5,926.0],[29.0,926.5],[28.5,927.0],[28.5,928.0],[28.0,928.5],[27.5,929.0],[27.5,930.0],[27.0,930.5],[26.5,931.0],[26.5,932.0],[26.0,932.5],[25.5,933.0],[25.5,934.0],[25.0,934.5],[24.5,935.0],[24.5,936.0],[24.0,936.5],[23.5,937.0],[23.5,938.0],[23.0,939.5],[22.5,940.0],[22.5,941.0],[22.0,941.5],[21.5,942.0],[21.5,943.0],[21.5,944.0],[21.0,944.5],[20.5,945.0],[20.5,946.0],[20.5,947.0],[20.0,947.5],[19.5,948.0],[19.0,948.5],[18.5,949.0],[18.5,950.0],[18.0,950.5],[17.5,951.0],[17.5,952.0],[17.0,952.5],[16.5,953.0],[16.5,954.0],[16.0,954.5],[15.5,955.0],[15.5,956.0],[15.0,956.5],[14.5,957.0],[14.5,958.0],[13.5,959.0],[13.5,960.0],[13.0,960.5],[12.5,961.0],[12.0,961.5],[11.5,962.0],[11.5,963.0],[11.0,963.5],[10.5,964.0],[10.5,965.0],[10.0,965.5],[9.5,966.0],[9.0,966.5],[8.5,967.0],[8.0,967.5],[7.5,968.0],[7.5,969.0],[7.0,969.5],[6.5,970.0],[6.0,970.5],[5.5,971.0],[5.0,971.5],[4.5,972.0],[4.0,972.5],[3.5,973.0],[3.0,973.5],[2.5,974.0],[2.5,975.0],[1.5,976.0]]",243062.03976631,431178.21685791,74.22056961,,,,,0.0602528313,원본사진/DJI_20260826124557_0200_V.JPG,"[""512원본타일/DJI_20260826124557_0200_V__x00000_y00512.png""]","[""512라벨오버레이/DJI_20260826124557_0200_V__x00000_y00512.png""]"
DJI_20260826124557_0200_V.JPG,D000593,DLM,박리,"[[308.0,1053.5],[310.0,1052.5],[313.0,1051.5],[315.5,1050.0],[318.0,1048.5],[320.0,1047.5],[322.0,1045.5],[324.0,1043.5],[326.0,1041.5],[327.0,1039.5],[329.0,1037.5],[332.0,1036.5],[334.0,1034.5],[336.0,1032.5],[338.0,1031.5],[341.0,1030.5],[344.0,1029.5],[347.0,1028.5],[349.0,1027.5],[351.5,1026.0],[354.0,1024.5],[357.0,1023.5],[360.0,1022.5],[362.0,1021.5],[364.5,1020.0],[366.5,1018.0],[369.5,1017.0],[371.5,1016.0],[374.0,1014.5],[376.5,1013.0],[379.0,1011.5],[382.0,1010.5],[383.5,1009.0],[386.0,1007.5],[389.0,1006.5],[391.5,1005.0],[394.0,1004.5],[397.0,1003.5],[400.0,1002.5],[402.5,1001.0],[405.0,999.5],[407.5,999.0],[410.5,998.0],[413.0,996.5],[415.5,995.0],[417.5,994.0],[420.0,992.5],[422.5,991.0],[425.0,989.5],[428.0,988.5],[430.5,988.0],[433.5,987.0],[436.5,986.0],[440.0,985.5],[442.0,984.5],[446.0,984.5],[449.0,983.5],[451.5,982.0],[454.5,981.0],[457.0,980.5],[460.0,979.5],[463.0,978.5],[467.0,978.5],[469.0,977.5],[472.0,976.5],[475.0,975.5],[478.0,974.5],[481.0,973.5],[484.0,973.5],[487.0,972.5],[490.0,971.5],[493.0,970.5],[495.0,969.5],[498.0,968.5],[501.0,967.5],[504.0,966.5],[507.0,965.5],[509.0,964.5],[511.5,963.0],[513.5,961.0],[515.5,959.0],[517.5,958.0],[519.5,956.0],[522.0,954.5],[525.0,953.5],[528.0,952.5],[530.5,952.0],[534.0,951.5],[538.0,951.5],[542.0,951.5],[545.0,951.5],[549.0,951.5],[553.0,951.5],[557.0,951.5],[559.5,952.0],[563.0,952.5],[566.0,953.5],[570.0,953.5],[573.5,954.0],[576.0,954.5],[579.0,955.5],[582.0,956.5],[586.0,956.5],[588.0,957.5],[592.0,957.5],[596.0,957.5],[599.0,958.5],[603.0,958.5],[606.0,958.5],[610.0,958.5],[614.0,958.5],[617.0,959.5],[620.0,959.5],[624.0,959.5],[627.5,959.0],[630.5,958.0],[634.0,957.5],[636.0,956.5],[639.0,955.5],[642.0,954.5],[645.0,953.5],[647.5,953.0],[650.5,952.0],[653.5,951.0],[656.0,949.5],[659.0,948.5],[661.0,947.5],[663.5,946.0],[666.0,944.5],[669.0,943.5],[671.0,942.5],[673.0,940.5],[676.0,939.5],[678.0,937.5],[681.0,936.5],[682.5,935.0],[686.0,934.5],[689.0,935.5],[692.0,936.5],[694.0,937.5],[698.0,937.5],[701.0,938.5],[705.0,938.5],[709.0,938.5],[712.0,938.5],[716.0,938.5],[719.5,938.0],[723.0,937.5],[725.0,936.5],[728.0,935.5],[732.0,935.5],[735.0,934.5],[739.0,934.5],[742.0,934.5],[746.0,934.5],[750.0,934.5],[753.0,933.5],[756.0,933.5],[760.0,933.5],[763.0,932.5],[767.0,932.5],[770.0,931.5],[772.0,930.5],[775.0,929.5],[778.0,928.5],[782.0,928.5],[785.0,928.5],[788.0,929.5],[792.0,929.5],[796.0,929.5],[800.0,929.5],[803.0,929.5],[807.0,929.5],[810.0,928.5],[814.0,928.5],[817.0,928.5],[821.0,928.5],[824.0,929.5],[827.5,930.0],[830.0,930.5],[834.0,930.5],[837.0,931.5],[841.0,931.5],[845.0,931.5],[847.0,930.5],[851.0,930.5],[854.0,929.5],[858.0,929.5],[861.0,929.5],[865.0,929.5],[869.0,929.5],[872.0,930.5],[876.0,930.5],[878.5,931.0],[882.0,931.5],[885.0,932.5],[888.0,933.5],[890.0,934.5],[892.5,936.0],[895.0,937.5],[897.5,939.0],[901.0,939.5],[904.0,939.5],[908.0,939.5],[911.0,938.5],[913.5,937.0],[915.5,936.0],[918.0,934.5],[921.0,933.5],[924.0,932.5],[927.0,931.5],[929.0,930.5],[932.0,929.5],[934.5,928.0],[937.5,927.0],[939.5,926.0],[942.5,925.0],[946.0,924.5],[949.0,923.5],[953.0,923.5],[955.5,923.0],[959.0,922.5],[962.0,921.5],[964.0,919.5],[966.0,918.5],[968.5,917.0],[971.0,915.5],[973.0,913.5],[975.0,911.5],[977.0,910.5],[979.0,908.5],[981.0,906.5],[983.0,904.5],[985.0,903.5],[987.0,901.5],[989.0,899.5],[990.5,897.0],[992.5,895.0],[993.5,893.0],[995.5,891.0],[997.0,888.5],[999.0,886.5],[1000.0,884.5],[1002.0,882.5],[1003.5,880.0],[1005.5,878.0],[1007.0,875.5],[1008.5,874.0],[1010.0,871.5],[1011.5,869.0],[1013.0,866.5],[1014.0,864.5],[1016.0,862.5],[1017.5,860.0],[1019.5,858.0],[1021.5,856.0]]",243062.40345192,431176.39627266,73.87597585,,,,,1.0345892319,원본사진/DJI_20260826124557_0200_V.JPG,"[""512원본타일/DJI_20260826124557_0200_V__x00512_y00512.png"",""512원본타일/DJI_20260826124557_0200_V__x00000_y00512.png"",""512원본타일/DJI_20260826124557_0200_V__x01024_y00512.png"",""512원본타일/DJI_20260826124557_0200_V__x00000_y01024.png"",""512원본타일/DJI_20260826124557_0200_V__x00512_y01024.png"",""512원본타일/DJI_20260826124557_0200_V__x01024_y01024.png""]","[""512라벨오버레이/DJI_20260826124557_0200_V__x00512_y00512.png"",""512라벨오버레이/DJI_20260826124557_0200_V__x00000_y00512.png"",""512라벨오버레이/DJI_20260826124557_0200_V__x01024_y00512.png"",""512라벨오버레이/DJI_20260826124557_0200_V__x00000_y01024.png"",""512라벨오버레이/DJI_20260826124557_0200_V__x00512_y01024.png"",""512라벨오버레이/DJI_20260826124557_0200_V__x01024_y01024.png""]"
DJI_20260826125854_0900_V.JPG,D000605,DLM,박리,"[[1612.0,511.5],[1613.0,511.5],[1614.0,511.5],[1615.0,511.5],[1617.0,511.5],[1618.0,511.5],[1619.0,511.5],[1620.0,511.5],[1622.0,511.5],[1623.0,511.5],[1624.0,511.5],[1625.0,511.5],[1627.0,511.5],[1628.0,511.5],[1629.0,511.5],[1631.0,511.5],[1632.0,511.5],[1633.0,511.5],[1634.0,511.5],[1636.0,511.5],[1637.0,511.5],[1638.0,511.5],[1639.0,511.5],[1641.0,511.5],[1642.0,511.5],[1643.0,511.5],[1644.0,511.5],[1646.0,511.5],[1647.0,511.5],[1648.0,511.5],[1650.0,511.5],[1651.0,511.5],[1652.0,511.5],[1653.0,511.5],[1655.0,511.5],[1656.0,511.5],[1657.0,511.5],[1658.0,511.5],[1659.5,511.0],[1660.0,510.5],[1661.0,510.5],[1662.0,510.5],[1664.0,510.5],[1665.0,510.5],[1666.0,510.5],[1668.0,510.5],[1669.0,510.5],[1670.0,510.5],[1671.0,510.5],[1673.0,510.5],[1674.0,510.5],[1674.5,510.0],[1675.0,509.5],[1677.0,509.5],[1678.0,509.5],[1679.0,509.5],[1680.0,509.5],[1682.0,509.5],[1683.0,509.5],[1684.0,509.5],[1686.0,509.5],[1687.0,509.5],[1688.0,509.5],[1689.0,509.5],[1691.0,509.5],[1692.0,509.5],[1693.0,509.5],[1694.0,509.5],[1696.0,509.5],[1697.0,509.5],[1698.0,509.5],[1699.0,509.5],[1701.0,509.5],[1701.5,510.0],[1702.0,510.5],[1704.0,510.5],[1705.0,510.5],[1706.0,510.5],[1707.0,510.5],[1709.0,510.5],[1709.5,511.0],[1710.0,511.5],[1711.0,511.5],[1713.0,511.5],[1714.0,511.5],[1715.0,511.5],[1716.0,511.5],[1718.0,511.5],[1719.0,511.5],[1720.0,511.5],[1722.0,511.5],[1723.0,511.5],[1724.0,511.5],[1725.0,511.5],[1727.0,511.5],[1728.0,511.5],[1729.0,511.5],[1730.0,511.5],[1732.0,511.5],[1733.0,511.5],[1734.0,511.5],[1735.0,511.5],[1737.0,511.5],[1738.0,511.5],[1739.0,511.5],[1741.0,511.5],[1742.0,511.5],[1743.0,511.5],[1744.0,511.5],[1746.0,511.5],[1747.0,511.5],[1748.0,511.5],[1749.0,511.5],[1751.0,511.5],[1752.0,511.5],[1753.0,511.5],[1754.0,511.5],[1755.0,510.5],[1756.0,510.5],[1757.0,510.5],[1759.0,510.5],[1759.5,510.0],[1760.0,509.5],[1761.0,509.5],[1763.0,509.5],[1764.0,509.5],[1764.5,509.0],[1765.0,508.5],[1767.0,508.5],[1767.5,508.0],[1768.0,507.5],[1769.0,507.5],[1770.5,507.0],[1771.0,506.5],[1772.0,506.5],[1773.5,506.0],[1774.0,505.5],[1775.0,505.5],[1776.0,505.5],[1777.5,505.0],[1778.0,504.5],[1779.0,504.5],[1780.0,504.5],[1782.0,504.5],[1783.0,504.5],[1783.5,504.0],[1784.0,503.5],[1786.0,503.5],[1787.0,503.5],[1788.0,503.5],[1790.0,503.5],[1791.0,503.5],[1792.0,503.5],[1793.0,503.5],[1795.0,503.5],[1795.5,503.0],[1796.0,502.5],[1797.0,502.5],[1799.0,502.5],[1799.5,502.0],[1800.0,501.5],[1801.0,501.5],[1803.0,501.5],[1804.0,501.5],[1805.0,501.5],[1807.0,501.5],[1808.0,501.5],[1808.5,502.0],[1809.0,502.5],[1811.0,502.5],[1812.0,502.5],[1813.0,502.5],[1814.0,502.5],[1816.0,502.5],[1817.0,502.5],[1818.0,502.5],[1818.5,503.0],[1820.0,503.5],[1821.0,503.5],[1822.0,503.5],[1824.0,503.5],[1825.0,503.5],[1826.0,503.5],[1827.0,503.5],[1828.0,504.5],[1829.0,504.5],[1830.0,504.5],[1831.0,504.5],[1832.0,505.5],[1833.0,505.5],[1834.0,505.5],[1835.0,505.5],[1837.0,505.5],[1837.5,506.0],[1838.0,506.5],[1840.0,506.5],[1841.0,506.5],[1842.0,506.5],[1843.0,506.5],[1845.0,506.5],[1846.0,506.5],[1847.0,506.5],[1848.0,506.5],[1849.0,507.5],[1850.0,507.5],[1851.0,507.5],[1852.0,507.5],[1854.0,507.5],[1855.0,507.5],[1855.5,507.0],[1857.0,506.5],[1858.0,506.5],[1858.5,506.0],[1859.0,505.5],[1860.5,505.0],[1861.0,504.5],[1862.0,504.5],[1863.0,504.5],[1865.0,504.5],[1866.0,504.5],[1867.0,504.5],[1868.0,504.5],[1870.0,504.5],[1871.0,504.5],[1872.0,504.5],[1874.0,504.5],[1875.0,504.5],[1876.0,504.5],[1877.0,504.5],[1878.5,505.0],[1879.0,505.5],[1880.0,505.5],[1881.0,505.5],[1883.0,505.5],[1884.0,505.5],[1885.0,505.5],[1886.0,505.5],[1887.5,505.0],[1888.0,504.5],[1889.0,504.5],[1891.0,504.5],[1892.0,504.5],[1893.0,504.5],[1893.5,504.0],[1895.0,503.5],[1896.0,503.5],[1896.5,503.0],[1897.0,502.5],[1899.0,502.5],[1899.5,502.0],[1900.0,501.5],[1900.5,501.0],[1901.5,500.0],[1902.0,499.5],[1902.5,499.0],[1903.5,498.0]]",243076.07215881,431127.2271843,72.54019594,,,,,0.0960208788,원본사진/DJI_20260826125854_0900_V.JPG,"[""512원본타일/DJI_20260826125854_0900_V__x01536_y00512.png"",""512원본타일/DJI_20260826125854_0900_V__x01536_y00000.png""]","[""512라벨오버레이/DJI_20260826125854_0900_V__x01536_y00512.png"",""512라벨오버레이/DJI_20260826125854_0900_V__x01536_y00000.png""]"
DJI_20260826125854_0900_V.JPG,D000606,DLM,박리,"[[1499.0,711.5],[1498.5,712.0],[1498.5,713.0],[1498.0,713.5],[1497.5,714.0],[1497.5,715.0],[1497.5,716.0],[1497.0,716.5],[1496.5,717.0],[1496.0,717.5],[1495.5,718.0],[1495.0,718.5],[1494.5,719.0],[1494.0,719.5],[1493.5,720.0],[1493.0,720.5],[1492.0,720.5],[1491.5,721.0],[1491.0,721.5],[1490.5,722.0],[1490.0,722.5],[1489.0,722.5],[1488.5,723.0],[1488.0,723.5],[1487.5,724.0],[1487.0,724.5],[1486.0,724.5],[1485.5,725.0],[1485.0,725.5],[1484.0,725.5],[1483.5,726.0],[1483.0,726.5],[1482.0,726.5],[1481.5,727.0],[1481.0,727.5],[1480.5,728.0],[1480.0,728.5],[1479.0,728.5],[1478.5,729.0],[1478.0,729.5],[1477.0,729.5],[1476.0,729.5],[1475.5,730.0],[1475.0,730.5],[1474.0,730.5],[1473.0,730.5],[1472.0,730.5],[1471.5,731.0],[1471.0,731.5],[1470.0,731.5],[1469.0,731.5],[1468.5,732.0],[1468.0,732.5],[1467.0,732.5],[1466.0,732.5],[1465.5,733.0],[1465.0,733.5],[1464.0,733.5],[1463.0,733.5],[1462.0,733.5],[1461.5,734.0],[1461.0,734.5],[1460.0,734.5],[1459.0,734.5],[1458.0,734.5],[1457.0,734.5],[1456.5,735.0],[1456.0,735.5],[1455.0,735.5],[1454.5,735.0],[1454.0,734.5],[1453.0,734.5],[1452.0,734.5],[1451.0,734.5],[1450.0,734.5],[1449.0,734.5],[1448.0,734.5],[1447.0,734.5],[1446.0,734.5],[1445.0,734.5],[1444.0,734.5],[1443.0,734.5],[1442.0,734.5],[1441.0,734.5],[1440.0,734.5],[1439.0,734.5],[1438.0,734.5],[1437.0,734.5],[1436.0,734.5],[1435.0,734.5],[1434.0,734.5],[1433.0,734.5],[1432.0,734.5],[1431.0,734.5],[1430.0,734.5],[1429.0,734.5],[1428.0,734.5],[1427.0,734.5],[1426.0,734.5],[1425.0,734.5],[1424.0,734.5],[1423.0,734.5],[1422.5,735.0],[1422.0,735.5],[1421.0,735.5],[1420.0,735.5],[1419.5,736.0],[1419.0,736.5],[1418.0,736.5],[1417.0,736.5],[1416.5,737.0],[1416.0,737.5],[1415.0,737.5],[1414.0,737.5],[1413.5,738.0],[1413.0,738.5],[1412.0,738.5],[1411.0,738.5],[1410.5,739.0],[1410.0,739.5],[1409.0,739.5],[1408.0,739.5],[1407.5,740.0],[1407.0,740.5],[1406.0,740.5],[1405.0,740.5],[1404.0,740.5],[1403.5,741.0],[1403.0,741.5],[1402.0,741.5],[1401.0,741.5],[1400.0,741.5],[1399.0,741.5],[1398.5,742.0],[1398.0,742.5],[1397.0,742.5],[1396.0,742.5],[1395.0,742.5],[1394.0,742.5],[1393.0,742.5],[1392.5,743.0],[1392.0,743.5],[1391.0,743.5],[1390.0,743.5],[1389.0,743.5],[1388.0,743.5],[1387.5,744.0],[1387.0,744.5],[1386.0,744.5],[1385.0,744.5],[1384.0,744.5],[1383.0,744.5],[1382.0,744.5],[1381.5,745.0],[1381.0,745.5],[1380.0,745.5],[1379.0,745.5],[1378.0,745.5],[1377.5,746.0],[1377.0,746.5],[1376.0,746.5],[1375.0,746.5],[1374.0,746.5],[1373.0,746.5],[1372.0,746.5],[1371.5,747.0],[1371.0,747.5],[1370.0,747.5],[1369.0,747.5],[1368.0,747.5],[1367.0,747.5],[1366.0,747.5],[1365.0,747.5],[1364.0,747.5],[1363.0,747.5],[1362.0,747.5],[1361.0,747.5],[1360.0,747.5],[1359.0,747.5],[1358.0,747.5],[1357.0,747.5],[1356.0,747.5],[1355.0,747.5],[1354.0,747.5],[1353.0,747.5],[1352.0,747.5],[1351.0,747.5],[1350.0,747.5],[1349.0,747.5],[1348.0,747.5],[1347.0,747.5],[1346.0,747.5],[1345.0,747.5],[1344.0,747.5],[1343.0,747.5],[1342.0,747.5],[1341.0,747.5],[1340.0,747.5],[1339.5,748.0],[1339.0,748.5],[1338.0,748.5],[1337.0,748.5],[1336.0,748.5],[1335.0,748.5],[1334.0,748.5],[1333.0,748.5],[1332.0,748.5],[1331.0,748.5],[1330.5,749.0],[1330.0,749.5],[1329.0,749.5],[1328.0,749.5],[1327.0,749.5],[1326.0,749.5],[1325.0,749.5],[1324.0,749.5],[1323.0,749.5],[1322.0,749.5],[1321.0,749.5],[1320.0,749.5],[1319.0,749.5],[1318.0,749.5],[1317.0,749.5],[1316.0,749.5],[1315.0,749.5],[1314.0,749.5],[1313.0,749.5],[1312.0,749.5],[1311.0,749.5],[1310.0,749.5],[1309.5,749.0],[1309.0,748.5],[1308.0,748.5],[1307.0,748.5],[1306.0,748.5],[1305.5,749.0],[1305.0,749.5],[1304.0,749.5],[1303.0,749.5],[1302.0,749.5],[1301.0,749.5],[1300.0,749.5],[1299.0,749.5],[1298.0,749.5],[1297.5,750.0]]",243075.72129345,431128.19591904,71.8753128,,,,,0.0640695049,원본사진/DJI_20260826125854_0900_V.JPG,"[""512원본타일/DJI_20260826125854_0900_V__x01024_y00512.png""]","[""512라벨오버레이/DJI_20260826125854_0900_V__x01024_y00512.png""]"
DJI_20260826125854_0900_V.JPG,D000607,DLM,박리,"[[1734.0,691.5],[1733.5,692.0],[1733.0,692.5],[1732.5,693.0],[1732.0,693.5],[1731.5,694.0],[1731.5,695.0],[1731.5,696.0],[1731.0,696.5],[1730.5,697.0],[1730.5,698.0],[1730.5,699.0],[1730.5,700.0],[1730.0,700.5],[1729.5,701.0],[1729.5,702.0],[1729.5,703.0],[1729.0,703.5],[1728.5,704.0],[1728.5,705.0],[1728.5,706.0],[1728.5,707.0],[1728.5,708.0],[1728.5,709.0],[1728.5,710.0],[1728.5,711.0],[1729.0,711.5],[1729.5,712.0],[1729.5,713.0],[1729.5,714.0],[1729.0,714.5],[1728.5,715.0],[1728.5,716.0],[1728.0,716.5],[1727.5,717.0],[1727.0,717.5],[1726.0,717.5],[1725.0,717.5],[1724.5,718.0],[1724.0,718.5],[1723.0,718.5],[1722.0,718.5],[1721.0,718.5],[1720.0,718.5],[1719.5,719.0],[1719.0,719.5],[1718.0,719.5],[1717.0,719.5],[1716.5,720.0],[1716.0,720.5],[1715.0,720.5],[1714.0,720.5],[1713.0,720.5],[1712.0,720.5],[1711.0,720.5],[1710.0,720.5],[1709.5,721.0],[1709.0,721.5],[1708.0,721.5],[1707.0,721.5],[1706.0,721.5],[1705.0,721.5],[1704.0,721.5],[1703.0,721.5],[1702.0,721.5],[1701.5,722.0],[1701.0,722.5],[1700.0,722.5],[1699.0,722.5],[1698.0,722.5],[1697.0,722.5],[1696.5,723.0],[1696.0,723.5],[1695.0,723.5],[1694.5,724.0],[1694.0,724.5],[1693.0,724.5],[1692.0,724.5],[1691.0,724.5],[1690.0,724.5],[1689.0,724.5],[1688.5,725.0],[1688.0,725.5],[1687.0,725.5],[1686.0,725.5],[1685.0,725.5],[1684.0,725.5],[1683.0,725.5],[1682.0,725.5],[1681.0,725.5],[1680.0,725.5],[1679.0,725.5],[1678.0,725.5],[1677.5,726.0],[1677.0,726.5],[1676.0,726.5],[1675.0,726.5],[1674.0,726.5],[1673.0,726.5],[1672.0,726.5],[1671.0,726.5],[1670.0,726.5],[1669.0,726.5],[1668.5,727.0]]",243075.92635918,431127.36849213,71.95589256,,,,,0.0221272369,원본사진/DJI_20260826125854_0900_V.JPG,"[""512원본타일/DJI_20260826125854_0900_V__x01536_y00512.png""]","[""512라벨오버레이/DJI_20260826125854_0900_V__x01536_y00512.png""]"
DJI_20260826125854_0900_V.JPG,D000608,DLM,박리,"[[1032.0,759.5],[1032.5,759.0],[1032.5,758.0],[1033.0,757.5],[1034.0,757.5],[1035.0,757.5],[1035.5,757.0],[1036.0,756.5],[1037.0,756.5],[1038.0,756.5],[1039.0,756.5],[1040.0,756.5],[1041.0,756.5],[1041.5,756.0],[1042.0,755.5],[1042.5,755.0],[1043.0,754.5],[1044.0,754.5],[1045.0,754.5],[1046.0,754.5],[1046.5,754.0],[1047.0,753.5],[1048.0,753.5],[1048.5,753.0],[1049.0,752.5],[1050.0,752.5],[1051.0,752.5],[1051.5,752.0],[1052.0,751.5],[1053.0,751.5],[1054.0,751.5],[1054.5,751.0],[1055.0,750.5],[1056.0,750.5],[1057.0,750.5],[1057.5,750.0],[1058.0,749.5],[1059.0,749.5],[1059.5,749.0],[1060.0,748.5],[1060.5,748.0],[1061.0,747.5],[1061.5,747.0],[1062.0,746.5],[1063.0,746.5],[1063.5,746.0],[1064.0,745.5],[1064.5,745.0],[1065.0,744.5],[1066.0,744.5],[1067.0,744.5],[1068.0,744.5],[1068.5,744.0],[1069.0,743.5],[1070.0,743.5],[1071.0,743.5],[1072.0,743.5],[1073.0,743.5],[1073.5,743.0],[1074.0,742.5],[1075.0,742.5],[1076.0,742.5],[1077.0,742.5],[1078.0,742.5],[1079.0,742.5],[1080.0,742.5],[1081.0,742.5],[1082.0,742.5],[1083.0,742.5],[1083.5,742.0],[1084.0,741.5],[1085.0,741.5],[1086.0,741.5],[1087.0,741.5],[1088.0,741.5],[1089.0,741.5],[1090.0,741.5],[1091.0,741.5],[1092.0,741.5],[1093.0,741.5],[1094.0,741.5],[1095.0,741.5],[1096.0,741.5],[1097.0,741.5],[1098.0,741.5],[1099.0,741.5],[1100.0,741.5],[1101.0,741.5],[1102.0,741.5],[1103.0,741.5],[1103.5,741.0],[1104.0,740.5],[1105.0,740.5],[1105.5,740.0],[1106.0,739.5],[1106.5,739.0],[1107.0,738.5],[1108.0,738.5],[1108.5,738.0],[1109.0,737.5],[1110.0,737.5],[1110.5,737.0],[1111.0,736.5],[1112.0,736.5],[1113.0,736.5],[1113.5,736.0],[1114.0,735.5],[1115.0,735.5],[1116.0,735.5],[1116.5,735.0],[1117.0,734.5],[1118.0,734.5],[1118.5,734.0],[1119.0,733.5],[1120.0,733.5],[1121.0,733.5],[1122.0,733.5],[1123.0,733.5],[1124.0,733.5],[1124.5,733.0],[1125.0,732.5],[1126.0,732.5],[1127.0,732.5],[1128.0,732.5],[1129.0,732.5],[1130.0,732.5],[1130.5,732.0],[1131.0,731.5],[1132.0,731.5],[1133.0,731.5],[1133.5,731.0],[1134.0,730.5],[1134.5,730.0],[1135.0,729.5],[1136.0,729.5],[1136.5,729.0],[1137.0,728.5],[1138.0,728.5],[1138.5,728.0],[1139.0,727.5],[1140.0,727.5],[1140.5,727.0]]",243077.05660439,431129.84602356,72.27534628,,,,,0.097609726,원본사진/DJI_20260826125854_0900_V.JPG,"[""512원본타일/DJI_20260826125854_0900_V__x01024_y00512.png""]","[""512라벨오버레이/DJI_20260826125854_0900_V__x01024_y00512.png""]"
DJI_20260826125854_0900_V.JPG,D000609,DLM,박리,"[[2141.5,797.0],[2142.0,797.5],[2142.5,799.0],[2143.0,799.5],[2143.5,801.0],[2143.0,801.5],[2142.5,803.0],[2142.0,804.5],[2141.5,805.0],[2141.5,807.0],[2141.0,807.5],[2140.5,809.0],[2140.0,810.5],[2139.5,811.0],[2139.5,813.0],[2139.5,814.0],[2138.5,815.0],[2138.5,816.0],[2138.5,818.0],[2138.5,820.0],[2138.5,821.0],[2137.5,822.0],[2137.5,823.0],[2137.5,825.0],[2136.5,826.0],[2137.0,826.5],[2137.5,828.0],[2138.0,828.5],[2138.5,830.0],[2139.0,830.5],[2140.0,831.5],[2141.0,832.5],[2141.5,833.0],[2141.5,835.0],[2142.0,835.5],[2142.5,837.0],[2143.5,838.0],[2143.5,839.0],[2144.0,840.5],[2144.5,841.0],[2145.0,842.5],[2145.5,843.0],[2146.0,844.5],[2147.0,845.5],[2147.5,846.0],[2149.0,846.5],[2150.0,846.5],[2151.0,847.5],[2151.5,849.0],[2152.0,849.5],[2152.5,851.0],[2152.5,852.0],[2153.0,853.5],[2153.5,854.0],[2154.0,855.5],[2155.0,856.5],[2155.5,857.0],[2157.0,857.5],[2158.0,857.5],[2160.0,857.5],[2161.0,858.5],[2162.0,858.5],[2163.5,858.0],[2164.0,857.5],[2166.0,857.5],[2166.5,857.0],[2167.5,856.0],[2169.0,855.5],[2169.5,855.0],[2170.5,854.0],[2171.0,853.5],[2171.5,852.0],[2172.5,851.0],[2172.5,850.0],[2173.5,849.0],[2174.0,848.5],[2175.5,848.0],[2176.0,847.5],[2177.0,846.5],[2179.0,846.5],[2180.0,846.5],[2182.0,846.5],[2183.0,846.5],[2184.0,847.5],[2185.5,848.0],[2185.5,849.0],[2186.5,850.0],[2186.5,851.0],[2187.0,852.5],[2187.5,854.0],[2188.0,854.5],[2189.0,855.5],[2190.0,855.5],[2191.0,856.5],[2192.0,856.5],[2193.0,857.5],[2194.5,858.0],[2195.0,858.5],[2196.5,859.0],[2197.0,859.5],[2198.5,860.0],[2200.0,860.5],[2200.5,861.0],[2201.5,862.0],[2202.0,862.5],[2202.5,864.0],[2202.5,865.0],[2202.5,867.0],[2203.0,868.5],[2203.5,869.0],[2205.0,869.5],[2205.5,870.0],[2207.0,870.5],[2209.0,870.5],[2210.0,870.5],[2212.0,870.5],[2213.0,870.5],[2214.0,869.5],[2215.0,869.5],[2217.0,869.5],[2218.5,869.0],[2219.0,868.5],[2220.5,868.0],[2221.0,867.5],[2222.5,867.0],[2224.0,866.5],[2225.0,866.5],[2226.5,866.0],[2227.0,865.5],[2229.0,865.5],[2229.5,865.0],[2231.0,864.5],[2232.5,864.0],[2233.0,863.5],[2235.0,863.5],[2236.0,863.5],[2237.0,862.5],[2239.0,862.5],[2239.5,862.0],[2241.0,861.5],[2242.0,861.5],[2243.0,860.5],[2244.0,860.5],[2246.0,860.5],[2248.0,860.5],[2249.0,860.5],[2250.0,861.5],[2250.5,862.0],[2251.0,863.5],[2251.5,865.0],[2252.0,865.5],[2252.5,867.0],[2252.5,868.0],[2253.5,869.0],[2253.5,870.0],[2253.5,872.0],[2254.0,873.5],[2254.5,874.0],[2255.0,875.5],[2255.5,876.0],[2256.0,877.5],[2257.0,878.5],[2257.5,879.0],[2258.0,880.5],[2258.5,881.0],[2259.5,882.0],[2260.0,882.5],[2260.5,884.0],[2261.5,885.0],[2262.0,885.5],[2263.0,886.5],[2264.0,886.5],[2265.5,887.0],[2267.0,887.5],[2268.0,887.5],[2270.0,887.5],[2271.0,887.5],[2273.0,887.5],[2274.0,886.5],[2274.5,886.0],[2274.5,884.0],[2275.0,883.5],[2275.5,882.0],[2275.5,881.0],[2276.5,880.0],[2276.5,878.0],[2276.0,877.5],[2275.5,876.0],[2275.5,875.0],[2275.5,873.0],[2276.5,872.0],[2276.5,871.0],[2277.5,870.0],[2278.0,869.5],[2279.5,869.0],[2279.5,868.0],[2279.0,866.5],[2277.5,866.0],[2277.0,865.5],[2276.0,864.5],[2275.5,864.0],[2275.5,862.0],[2277.0,861.5],[2278.0,861.5],[2279.5,861.0],[2280.0,860.5],[2281.5,861.0],[2282.0,861.5],[2284.0,861.5],[2285.5,862.0],[2285.5,863.0],[2286.0,864.5],[2286.5,865.0],[2287.0,866.5],[2288.5,867.0],[2289.0,867.5],[2290.5,868.0],[2291.0,868.5],[2293.0,868.5],[2294.0,868.5],[2296.0,868.5],[2298.0,868.5],[2299.0,868.5],[2301.0,868.5],[2302.0,868.5],[2304.0,868.5],[2304.0,869.5],[2303.5,870.0],[2303.5,872.0],[2303.5,873.0],[2303.0,874.5],[2302.5,875.0],[2302.5,877.0],[2302.5,879.0],[2302.5,880.0],[2302.5,882.0],[2302.5,883.0],[2303.0,884.5],[2303.5,886.0],[2304.0,886.5],[2305.0,887.5],[2305.5,888.0],[2306.5,889.0],[2307.0,889.5],[2307.5,891.0],[2307.0,892.5],[2306.5,893.0],[2307.0,894.5],[2307.5,895.0],[2308.0,896.5],[2309.0,897.5],[2310.0,897.5],[2311.0,898.5],[2311.5,899.0],[2312.5,900.0],[2313.0,901.5]]",243076.25815582,431126.04190826,71.34582233,,,,,0.3970672091,원본사진/DJI_20260826125854_0900_V.JPG,"[""512원본타일/DJI_20260826125854_0900_V__x02048_y00512.png"",""512원본타일/DJI_20260826125854_0900_V__x02048_y01024.png""]","[""512라벨오버레이/DJI_20260826125854_0900_V__x02048_y00512.png"",""512라벨오버레이/DJI_20260826125854_0900_V__x02048_y01024.png""]"
DJI_20260826125854_0900_V.JPG,D000610,DLM,박리,"[[103.0,1038.5],[103.5,1038.0],[104.5,1037.0],[105.0,1035.5],[105.5,1034.0],[106.5,1033.0],[107.5,1032.0],[108.0,1030.5],[108.5,1030.0],[109.5,1029.0],[110.5,1028.0],[111.0,1026.5],[112.0,1025.5],[112.5,1024.0],[113.5,1023.0],[114.5,1022.0],[115.0,1021.5],[115.5,1020.0],[116.5,1019.0],[117.5,1018.0],[118.5,1017.0],[119.0,1015.5],[120.0,1014.5],[120.5,1014.0],[121.5,1013.0],[122.5,1012.0],[123.5,1011.0],[124.5,1010.0],[124.5,1008.0],[125.5,1007.0],[127.0,1006.5],[127.5,1006.0],[128.5,1005.0],[130.0,1004.5],[131.0,1003.5],[132.0,1002.5],[133.5,1002.0],[134.5,1001.0],[135.0,1000.5],[136.0,999.5],[137.0,998.5],[138.5,998.0],[140.0,997.5],[141.0,996.5],[142.0,995.5],[143.0,994.5],[143.5,994.0],[144.5,993.0],[145.5,992.0],[146.0,990.5],[146.5,989.0],[147.5,988.0],[148.5,987.0],[149.0,986.5],[150.0,985.5],[151.0,984.5],[152.5,984.0],[153.0,982.5],[153.5,981.0],[154.5,980.0],[155.5,979.0],[156.0,978.5],[156.5,977.0],[157.5,976.0],[159.0,975.5],[160.0,976.5],[161.5,976.0],[163.0,975.5],[163.5,975.0],[164.5,974.0],[165.5,973.0],[166.5,972.0],[168.0,971.5],[169.0,970.5],[171.0,970.5],[172.0,969.5],[173.0,969.5],[174.5,969.0],[176.0,968.5],[177.5,969.0],[179.0,969.5],[180.5,970.0],[182.0,970.5],[183.0,970.5],[184.5,970.0],[185.5,969.0],[187.0,968.5],[187.5,967.0],[188.0,965.5],[189.0,964.5],[190.5,964.0],[191.0,963.5],[193.0,963.5],[194.0,962.5],[195.5,962.0],[196.5,961.0],[196.5,959.0],[197.0,957.5],[197.5,957.0],[198.5,956.0],[199.5,955.0],[200.5,954.0],[202.0,953.5],[202.5,952.0],[203.5,951.0],[205.0,950.5],[206.0,950.5],[207.5,950.0],[209.0,949.5],[211.0,949.5],[212.0,948.5],[213.5,948.0],[214.5,947.0],[215.0,946.5],[215.5,945.0],[216.0,943.5],[217.0,942.5],[218.0,941.5],[219.0,940.5],[220.0,939.5],[220.5,938.0],[221.0,937.5],[222.0,936.5],[223.0,935.5],[224.5,935.0],[226.0,934.5],[228.0,934.5],[229.0,933.5],[230.0,933.5],[232.0,933.5],[234.0,933.5],[236.0,933.5],[238.0,933.5],[240.0,933.5],[242.0,933.5],[244.0,933.5],[245.0,933.5],[247.0,933.5],[249.0,933.5],[251.0,933.5],[253.0,933.5],[255.0,933.5],[256.5,933.0],[257.0,932.5],[259.0,932.5],[261.0,932.5],[262.0,933.5],[264.0,933.5],[266.0,933.5],[267.5,933.0],[269.0,932.5],[270.0,932.5],[272.0,932.5],[274.0,932.5],[276.0,932.5],[278.0,932.5],[280.0,932.5],[282.0,932.5],[283.0,932.5],[285.0,932.5],[287.0,932.5],[288.5,933.0],[290.0,933.5],[292.0,933.5],[294.0,933.5],[296.0,933.5],[297.0,933.5],[299.0,933.5],[300.0,932.5],[302.0,932.5],[304.0,932.5],[306.0,932.5],[308.0,932.5],[309.0,932.5],[311.0,932.5],[312.5,932.0],[314.0,931.5],[316.0,931.5],[318.0,931.5],[320.0,931.5],[322.0,931.5],[323.0,931.5],[324.0,930.5],[326.0,930.5],[328.0,930.5],[330.0,930.5],[332.0,930.5],[334.0,930.5],[334.5,930.0],[336.0,929.5],[338.0,929.5],[340.0,929.5],[342.0,929.5],[343.0,928.5],[345.0,928.5],[346.0,927.5],[347.0,927.5],[349.0,927.5],[350.5,927.0],[352.0,926.5],[354.0,926.5],[355.5,926.0],[357.0,925.5],[358.0,925.5],[359.0,924.5],[360.0,923.5],[362.0,923.5],[364.0,923.5],[366.0,923.5],[367.0,922.5],[369.0,922.5],[370.0,922.5],[372.0,922.5],[374.0,922.5],[376.0,922.5],[378.0,922.5],[380.0,922.5],[382.0,922.5],[383.0,922.5],[385.0,922.5],[387.0,922.5],[388.0,921.5],[390.0,921.5],[392.0,921.5],[394.0,921.5],[396.0,921.5],[397.0,921.5],[399.0,921.5],[400.0,920.5],[402.0,920.5],[404.0,920.5],[405.5,921.0],[407.0,921.5],[408.0,921.5],[410.0,921.5],[411.0,922.5],[413.0,922.5],[415.0,922.5],[416.5,922.0],[418.0,921.5],[420.0,921.5],[421.0,921.5],[423.0,921.5],[424.5,922.0],[426.0,922.5],[428.0,922.5],[429.0,921.5],[430.0,920.5],[431.0,920.5],[432.0,919.5],[434.0,919.5],[436.0,919.5],[438.0,919.5],[439.0,918.5],[441.0,918.5],[442.5,918.0]]",243075.55091381,431131.60309982,71.17042875,,,,,0.424883614,원본사진/DJI_20260826125854_0900_V.JPG,"[""512원본타일/DJI_20260826125854_0900_V__x00000_y00512.png"",""512원본타일/DJI_20260826125854_0900_V__x00000_y01024.png""]","[""512라벨오버레이/DJI_20260826125854_0900_V__x00000_y00512.png"",""512라벨오버레이/DJI_20260826125854_0900_V__x00000_y01024.png""]"
DJI_20260826125854_0900_V.JPG,D000611,DLM,박리,"[[1906.5,1024.0],[1906.5,1025.0],[1906.5,1026.0],[1907.0,1026.5],[1907.5,1027.0],[1907.5,1028.0],[1907.5,1029.0],[1908.0,1029.5],[1908.5,1030.0],[1909.0,1030.5],[1909.5,1031.0],[1910.0,1031.5],[1911.0,1031.5],[1911.5,1032.0],[1912.0,1032.5],[1912.5,1033.0],[1913.0,1033.5],[1914.0,1033.5],[1915.0,1033.5],[1915.5,1034.0],[1916.0,1034.5],[1917.0,1034.5],[1918.0,1034.5],[1918.5,1035.0],[1919.0,1035.5],[1920.0,1035.5],[1920.5,1036.0],[1921.0,1036.5],[1921.5,1037.0],[1922.0,1037.5],[1923.0,1037.5],[1923.5,1038.0],[1924.0,1038.5],[1924.5,1039.0],[1925.0,1039.5],[1925.5,1040.0],[1926.0,1040.5],[1926.5,1041.0],[1927.0,1041.5],[1927.5,1042.0],[1928.0,1042.5],[1928.5,1043.0],[1928.5,1044.0],[1929.0,1044.5],[1929.5,1045.0],[1930.0,1045.5],[1930.5,1046.0],[1930.5,1047.0],[1931.0,1047.5]]",243075.93601036,431126.72107315,70.92178249,,,,,0.0146391001,원본사진/DJI_20260826125854_0900_V.JPG,"[""512원본타일/DJI_20260826125854_0900_V__x01536_y01024.png""]","[""512라벨오버레이/DJI_20260826125854_0900_V__x01536_y01024.png""]"
